QUOTE,1581518931511,SUBS,key,symbol,key,SH
QUOTE,1581518931511,SUBS,4,bid-size,4,2280
QUOTE,1581518931511,SUBS,5,ask-size,5,219
QUOTE,1581518931511,SUBS,key,symbol,key,VOO
QUOTE,1581518931511,SUBS,2,ask-price,2,309.69
QUOTE,1581518931511,SUBS,5,ask-size,5,5
QUOTE,1581518931511,SUBS,6,ask-id,6,K
QUOTE,1581518931511,SUBS,7,bid-id,7,T
QUOTE,1581518931511,SUBS,key,symbol,key,SPXL
QUOTE,1581518931511,SUBS,5,ask-size,5,10
QUOTE,1581518931511,SUBS,key,symbol,key,IVV
QUOTE,1581518931511,SUBS,2,ask-price,2,338.55
QUOTE,1581518931511,SUBS,4,bid-size,4,2
QUOTE,1581518931511,SUBS,5,ask-size,5,5
QUOTE,1581518931511,SUBS,6,ask-id,6,N
QUOTE,1581518931511,SUBS,7,bid-id,7,K
QUOTE,1581518931511,SUBS,key,symbol,key,SPY
QUOTE,1581518931511,SUBS,1,bid-price,1,336.99
QUOTE,1581518931511,SUBS,3,last-price,3,336.995
QUOTE,1581518931511,SUBS,4,bid-size,4,10
QUOTE,1581518931511,SUBS,5,ask-size,5,30
QUOTE,1581518931511,SUBS,7,bid-id,7,P
QUOTE,1581518931511,SUBS,key,symbol,key,SSO
QUOTE,1581518931511,SUBS,2,ask-price,2,164.56
QUOTE,1581518931511,SUBS,5,ask-size,5,1
QUOTE,1581518931511,SUBS,6,ask-id,6,N
QUOTE,1581518931511,SUBS,7,bid-id,7,Z
QUOTE,1581518931511,SUBS,key,symbol,key,SPXU
QUOTE,1581518931511,SUBS,4,bid-size,4,225
QUOTE,1581518931511,SUBS,key,symbol,key,SPXS
QUOTE,1581518931511,SUBS,4,bid-size,4,1429
QUOTE,1581518989813,SUBS,key,symbol,key,SH
QUOTE,1581518989813,SUBS,delayed,delayed,delayed,False
QUOTE,1581518989813,SUBS,assetMainType,asset-main-type,assetMainType,EQUITY
QUOTE,1581518990839,SUBS,key,symbol,key,SH
QUOTE,1581518990839,SUBS,4,bid-size,4,2570
QUOTE,1581518990839,SUBS,key,symbol,key,VOO
QUOTE,1581518990839,SUBS,1,bid-price,1,309.59
QUOTE,1581518990839,SUBS,2,ask-price,2,309.61
QUOTE,1581518990839,SUBS,4,bid-size,4,3
QUOTE,1581518990839,SUBS,5,ask-size,5,10
QUOTE,1581518990839,SUBS,6,ask-id,6,K
QUOTE,1581518990839,SUBS,7,bid-id,7,N
QUOTE,1581518990839,SUBS,key,symbol,key,SPXL
QUOTE,1581518990839,SUBS,1,bid-price,1,74.97
QUOTE,1581518990839,SUBS,2,ask-price,2,74.98
QUOTE,1581518990839,SUBS,4,bid-size,4,3
QUOTE,1581518990839,SUBS,5,ask-size,5,8
QUOTE,1581518990839,SUBS,6,ask-id,6,Z
QUOTE,1581518990839,SUBS,7,bid-id,7,T
QUOTE,1581518990839,SUBS,key,symbol,key,IVV
QUOTE,1581518990839,SUBS,1,bid-price,1,338.43
QUOTE,1581518990839,SUBS,2,ask-price,2,338.46
QUOTE,1581518990839,SUBS,4,bid-size,4,2
QUOTE,1581518990839,SUBS,5,ask-size,5,6
QUOTE,1581518990839,SUBS,7,bid-id,7,P
QUOTE,1581518990839,SUBS,key,symbol,key,SPY
QUOTE,1581518990839,SUBS,1,bid-price,1,336.9
QUOTE,1581518990839,SUBS,2,ask-price,2,336.91
QUOTE,1581518990839,SUBS,3,last-price,3,336.9095
QUOTE,1581518990839,SUBS,4,bid-size,4,7
QUOTE,1581518990839,SUBS,5,ask-size,5,4
QUOTE,1581518990839,SUBS,6,ask-id,6,Y
QUOTE,1581518990839,SUBS,key,symbol,key,SSO
QUOTE,1581518990839,SUBS,2,ask-price,2,164.48
QUOTE,1581518990839,SUBS,5,ask-size,5,15
QUOTE,1581518990839,SUBS,6,ask-id,6,N
QUOTE,1581518990839,SUBS,key,symbol,key,UPRO
QUOTE,1581518990839,SUBS,1,bid-price,1,79.41
QUOTE,1581518990839,SUBS,4,bid-size,4,3
QUOTE,1581518990839,SUBS,7,bid-id,7,Z
QUOTE,1581518990839,SUBS,key,symbol,key,SPXU
QUOTE,1581518990839,SUBS,4,bid-size,4,189
QUOTE,1581518990839,SUBS,key,symbol,key,SPXS
QUOTE,1581518990839,SUBS,4,bid-size,4,216
QUOTE,1581518990839,SUBS,5,ask-size,5,1179
QUOTE,1581518990839,SUBS,7,bid-id,7,T
QUOTE,1581518991884,SUBS,key,symbol,key,VOO
QUOTE,1581518991884,SUBS,2,ask-price,2,309.6
QUOTE,1581518991884,SUBS,4,bid-size,4,1
QUOTE,1581518991884,SUBS,5,ask-size,5,5
QUOTE,1581518991884,SUBS,7,bid-id,7,T
QUOTE,1581518991884,SUBS,key,symbol,key,SPXL
QUOTE,1581518991884,SUBS,1,bid-price,1,74.96
QUOTE,1581518991884,SUBS,4,bid-size,4,8
QUOTE,1581518991884,SUBS,5,ask-size,5,11
QUOTE,1581518991884,SUBS,7,bid-id,7,N
QUOTE,1581518991884,SUBS,key,symbol,key,IVV
QUOTE,1581518991884,SUBS,1,bid-price,1,338.42
QUOTE,1581518991884,SUBS,2,ask-price,2,338.45
QUOTE,1581518991884,SUBS,4,bid-size,4,1
QUOTE,1581518991884,SUBS,6,ask-id,6,K
QUOTE,1581518991884,SUBS,7,bid-id,7,Z
QUOTE,1581518991884,SUBS,key,symbol,key,SPY
QUOTE,1581518991884,SUBS,1,bid-price,1,336.89
QUOTE,1581518991884,SUBS,3,last-price,3,336.9
QUOTE,1581518991884,SUBS,4,bid-size,4,9
QUOTE,1581518991884,SUBS,5,ask-size,5,38
QUOTE,1581518991884,SUBS,6,ask-id,6,T
QUOTE,1581518991884,SUBS,key,symbol,key,SSO
QUOTE,1581518991884,SUBS,2,ask-price,2,164.46
QUOTE,1581518991884,SUBS,4,bid-size,4,2
QUOTE,1581518991884,SUBS,5,ask-size,5,1
QUOTE,1581518991884,SUBS,6,ask-id,6,P
QUOTE,1581518991884,SUBS,key,symbol,key,UPRO
QUOTE,1581518991884,SUBS,4,bid-size,4,1
QUOTE,1581518991884,SUBS,6,ask-id,6,K
QUOTE,1581518991884,SUBS,7,bid-id,7,T
QUOTE,1581518991884,SUBS,key,symbol,key,SPXS
QUOTE,1581518991884,SUBS,4,bid-size,4,468
QUOTE,1581518991884,SUBS,7,bid-id,7,P
QUOTE,1581518992928,SUBS,key,symbol,key,VOO
QUOTE,1581518992928,SUBS,1,bid-price,1,309.58
QUOTE,1581518992928,SUBS,5,ask-size,5,10
QUOTE,1581518992928,SUBS,key,symbol,key,SPXL
QUOTE,1581518992928,SUBS,2,ask-price,2,74.97
QUOTE,1581518992928,SUBS,4,bid-size,4,7
QUOTE,1581518992928,SUBS,5,ask-size,5,4
QUOTE,1581518992928,SUBS,6,ask-id,6,T
QUOTE,1581518992928,SUBS,key,symbol,key,IVV
QUOTE,1581518992928,SUBS,2,ask-price,2,338.44
QUOTE,1581518992928,SUBS,5,ask-size,5,1
QUOTE,1581518992928,SUBS,6,ask-id,6,Z
QUOTE,1581518992928,SUBS,7,bid-id,7,P
QUOTE,1581518992928,SUBS,key,symbol,key,SPY
QUOTE,1581518992928,SUBS,2,ask-price,2,336.9
QUOTE,1581518992928,SUBS,4,bid-size,4,2
QUOTE,1581518992928,SUBS,5,ask-size,5,26
QUOTE,1581518992928,SUBS,key,symbol,key,SSO
QUOTE,1581518992928,SUBS,4,bid-size,4,1
QUOTE,1581518992928,SUBS,key,symbol,key,UPRO
QUOTE,1581518992928,SUBS,1,bid-price,1,79.4
QUOTE,1581518992928,SUBS,4,bid-size,4,10
QUOTE,1581518992928,SUBS,5,ask-size,5,8
QUOTE,1581518992928,SUBS,6,ask-id,6,Z
QUOTE,1581518992928,SUBS,7,bid-id,7,P
QUOTE,1581518992928,SUBS,key,symbol,key,SPXU
QUOTE,1581518992928,SUBS,5,ask-size,5,264
QUOTE,1581518992928,SUBS,key,symbol,key,SPXS
QUOTE,1581518992928,SUBS,4,bid-size,4,564
QUOTE,1581518992928,SUBS,5,ask-size,5,1010
QUOTE,1581518993972,SUBS,key,symbol,key,VOO
QUOTE,1581518993972,SUBS,3,last-price,3,309.58
QUOTE,1581518993972,SUBS,5,ask-size,5,6
QUOTE,1581518993972,SUBS,6,ask-id,6,Z
QUOTE,1581518993972,SUBS,key,symbol,key,SPXL
QUOTE,1581518993972,SUBS,4,bid-size,4,1
QUOTE,1581518993972,SUBS,5,ask-size,5,5
QUOTE,1581518993972,SUBS,key,symbol,key,IVV
QUOTE,1581518993972,SUBS,1,bid-price,1,338.41
QUOTE,1581518993972,SUBS,3,last-price,3,338.42
QUOTE,1581518993972,SUBS,4,bid-size,4,7
QUOTE,1581518993972,SUBS,6,ask-id,6,K
QUOTE,1581518993972,SUBS,7,bid-id,7,Z
QUOTE,1581518993972,SUBS,key,symbol,key,SPY
QUOTE,1581518993972,SUBS,1,bid-price,1,336.88
QUOTE,1581518993972,SUBS,2,ask-price,2,336.89
QUOTE,1581518993972,SUBS,3,last-price,3,336.89
QUOTE,1581518993972,SUBS,4,bid-size,4,12
QUOTE,1581518993972,SUBS,5,ask-size,5,1
QUOTE,1581518993972,SUBS,6,ask-id,6,P
QUOTE,1581518993972,SUBS,key,symbol,key,SSO
QUOTE,1581518993972,SUBS,1,bid-price,1,164.43
QUOTE,1581518993972,SUBS,3,last-price,3,164.45
QUOTE,1581518993972,SUBS,4,bid-size,4,2
QUOTE,1581518993972,SUBS,5,ask-size,5,5
QUOTE,1581518993972,SUBS,6,ask-id,6,K
QUOTE,1581518993972,SUBS,key,symbol,key,UPRO
QUOTE,1581518993972,SUBS,3,last-price,3,79.405
QUOTE,1581518993972,SUBS,4,bid-size,4,4
QUOTE,1581518993972,SUBS,6,ask-id,6,K
QUOTE,1581518993972,SUBS,key,symbol,key,SPXU
QUOTE,1581518993972,SUBS,3,last-price,3,17.4102
QUOTE,1581518993972,SUBS,5,ask-size,5,263
QUOTE,1581518993972,SUBS,key,symbol,key,SPXS
QUOTE,1581518993972,SUBS,5,ask-size,5,963
QUOTE,1581518994975,SUBS,key,symbol,key,SH
QUOTE,1581518994975,SUBS,4,bid-size,4,2148
QUOTE,1581518994975,SUBS,5,ask-size,5,946
QUOTE,1581518994975,SUBS,key,symbol,key,VOO
QUOTE,1581518994975,SUBS,1,bid-price,1,309.59
QUOTE,1581518994975,SUBS,4,bid-size,4,2
QUOTE,1581518994975,SUBS,5,ask-size,5,5
QUOTE,1581518994975,SUBS,key,symbol,key,SPXL
QUOTE,1581518994975,SUBS,1,bid-price,1,74.97
QUOTE,1581518994975,SUBS,2,ask-price,2,74.98
QUOTE,1581518994975,SUBS,5,ask-size,5,11
QUOTE,1581518994975,SUBS,6,ask-id,6,Z
QUOTE,1581518994975,SUBS,7,bid-id,7,Z
QUOTE,1581518994975,SUBS,key,symbol,key,IVV
QUOTE,1581518994975,SUBS,1,bid-price,1,338.42
QUOTE,1581518994975,SUBS,2,ask-price,2,338.45
QUOTE,1581518994975,SUBS,4,bid-size,4,2
QUOTE,1581518994975,SUBS,5,ask-size,5,5
QUOTE,1581518994975,SUBS,7,bid-id,7,P
QUOTE,1581518994975,SUBS,key,symbol,key,SPY
QUOTE,1581518994975,SUBS,1,bid-price,1,336.9
QUOTE,1581518994975,SUBS,2,ask-price,2,336.91
QUOTE,1581518994975,SUBS,3,last-price,3,336.91
QUOTE,1581518994975,SUBS,4,bid-size,4,5
QUOTE,1581518994975,SUBS,5,ask-size,5,28
QUOTE,1581518994975,SUBS,6,ask-id,6,T
QUOTE,1581518994975,SUBS,key,symbol,key,SDS
QUOTE,1581518994975,SUBS,5,ask-size,5,317
QUOTE,1581518994975,SUBS,key,symbol,key,SSO
QUOTE,1581518994975,SUBS,1,bid-price,1,164.45
QUOTE,1581518994975,SUBS,6,ask-id,6,N
QUOTE,1581518994975,SUBS,7,bid-id,7,Z
QUOTE,1581518994975,SUBS,key,symbol,key,UPRO
QUOTE,1581518994975,SUBS,1,bid-price,1,79.41
QUOTE,1581518994975,SUBS,4,bid-size,4,1
QUOTE,1581518994975,SUBS,5,ask-size,5,7
QUOTE,1581518994975,SUBS,7,bid-id,7,N
QUOTE,1581518994975,SUBS,key,symbol,key,SPXU
QUOTE,1581518994975,SUBS,4,bid-size,4,144
QUOTE,1581518994975,SUBS,5,ask-size,5,297
QUOTE,1581518994975,SUBS,key,symbol,key,SPXS
QUOTE,1581518994975,SUBS,3,last-price,3,11.52
QUOTE,1581518994975,SUBS,4,bid-size,4,252
QUOTE,1581518994975,SUBS,5,ask-size,5,1214
QUOTE,1581518996002,SUBS,key,symbol,key,SH
QUOTE,1581518996002,SUBS,4,bid-size,4,2570
QUOTE,1581518996002,SUBS,5,ask-size,5,924
QUOTE,1581518996002,SUBS,key,symbol,key,VOO
QUOTE,1581518996002,SUBS,2,ask-price,2,309.61
QUOTE,1581518996002,SUBS,3,last-price,3,309.6
QUOTE,1581518996002,SUBS,4,bid-size,4,3
QUOTE,1581518996002,SUBS,5,ask-size,5,1
QUOTE,1581518996002,SUBS,6,ask-id,6,T
QUOTE,1581518996002,SUBS,7,bid-id,7,N
QUOTE,1581518996002,SUBS,key,symbol,key,SPXL
QUOTE,1581518996002,SUBS,4,bid-size,4,3
QUOTE,1581518996002,SUBS,5,ask-size,5,2
QUOTE,1581518996002,SUBS,6,ask-id,6,T
QUOTE,1581518996002,SUBS,7,bid-id,7,N
QUOTE,1581518996002,SUBS,key,symbol,key,IVV
QUOTE,1581518996002,SUBS,1,bid-price,1,338.44
QUOTE,1581518996002,SUBS,2,ask-price,2,338.47
QUOTE,1581518996002,SUBS,4,bid-size,4,1
QUOTE,1581518996002,SUBS,5,ask-size,5,7
QUOTE,1581518996002,SUBS,6,ask-id,6,N
QUOTE,1581518996002,SUBS,7,bid-id,7,T
QUOTE,1581518996002,SUBS,key,symbol,key,SPY
QUOTE,1581518996002,SUBS,4,bid-size,4,11
QUOTE,1581518996002,SUBS,5,ask-size,5,1
QUOTE,1581518996002,SUBS,6,ask-id,6,N
QUOTE,1581518996002,SUBS,key,symbol,key,SDS
QUOTE,1581518996002,SUBS,5,ask-size,5,391
QUOTE,1581518996002,SUBS,key,symbol,key,SSO
QUOTE,1581518996002,SUBS,2,ask-price,2,164.48
QUOTE,1581518996002,SUBS,4,bid-size,4,1
QUOTE,1581518996002,SUBS,5,ask-size,5,2
QUOTE,1581518996002,SUBS,6,ask-id,6,K
QUOTE,1581518996002,SUBS,7,bid-id,7,K
QUOTE,1581518996002,SUBS,key,symbol,key,UPRO
QUOTE,1581518996002,SUBS,1,bid-price,1,79.42
QUOTE,1581518996002,SUBS,2,ask-price,2,79.43
QUOTE,1581518996002,SUBS,5,ask-size,5,4
QUOTE,1581518996002,SUBS,6,ask-id,6,N
QUOTE,1581518996002,SUBS,7,bid-id,7,T
QUOTE,1581518996002,SUBS,key,symbol,key,SPXU
QUOTE,1581518996002,SUBS,3,last-price,3,17.4134
QUOTE,1581518996002,SUBS,4,bid-size,4,75
QUOTE,1581518996002,SUBS,5,ask-size,5,390
QUOTE,1581518996002,SUBS,key,symbol,key,SPXS
QUOTE,1581518996002,SUBS,4,bid-size,4,216
QUOTE,1581518996002,SUBS,5,ask-size,5,1195
QUOTE,1581518996002,SUBS,7,bid-id,7,T
QUOTE,1581518997029,SUBS,key,symbol,key,VOO
QUOTE,1581518997029,SUBS,4,bid-size,4,2
QUOTE,1581518997029,SUBS,7,bid-id,7,P
QUOTE,1581518997029,SUBS,key,symbol,key,SPXL
QUOTE,1581518997029,SUBS,7,bid-id,7,T
QUOTE,1581518997029,SUBS,key,symbol,key,IVV
QUOTE,1581518997029,SUBS,4,bid-size,4,2
QUOTE,1581518997029,SUBS,6,ask-id,6,K
QUOTE,1581518997029,SUBS,7,bid-id,7,P
QUOTE,1581518997029,SUBS,key,symbol,key,SPY
QUOTE,1581518997029,SUBS,1,bid-price,1,336.91
QUOTE,1581518997029,SUBS,2,ask-price,2,336.92
QUOTE,1581518997029,SUBS,4,bid-size,4,1
QUOTE,1581518997029,SUBS,5,ask-size,5,30
QUOTE,1581518997029,SUBS,6,ask-id,6,T
QUOTE,1581518997029,SUBS,7,bid-id,7,P
QUOTE,1581518997029,SUBS,key,symbol,key,SDS
QUOTE,1581518997029,SUBS,4,bid-size,4,402
QUOTE,1581518997029,SUBS,5,ask-size,5,394
QUOTE,1581518997029,SUBS,key,symbol,key,SSO
QUOTE,1581518997029,SUBS,2,ask-price,2,164.49
QUOTE,1581518997029,SUBS,5,ask-size,5,10
QUOTE,1581518997029,SUBS,6,ask-id,6,N
QUOTE,1581518997029,SUBS,7,bid-id,7,Z
QUOTE,1581518997029,SUBS,key,symbol,key,UPRO
QUOTE,1581518997029,SUBS,1,bid-price,1,79.41
QUOTE,1581518997029,SUBS,4,bid-size,4,2
QUOTE,1581518997029,SUBS,5,ask-size,5,2
QUOTE,1581518997029,SUBS,6,ask-id,6,T
QUOTE,1581518997029,SUBS,7,bid-id,7,Z
QUOTE,1581518997029,SUBS,key,symbol,key,SPXU
QUOTE,1581518997029,SUBS,4,bid-size,4,5
QUOTE,1581518997029,SUBS,key,symbol,key,SPXS
QUOTE,1581518997029,SUBS,5,ask-size,5,1198
QUOTE,1581518998054,SUBS,key,symbol,key,VOO
QUOTE,1581518998054,SUBS,2,ask-price,2,309.62
QUOTE,1581518998054,SUBS,5,ask-size,5,3
QUOTE,1581518998054,SUBS,6,ask-id,6,P
QUOTE,1581518998054,SUBS,7,bid-id,7,Z
QUOTE,1581518998054,SUBS,key,symbol,key,SPXL
QUOTE,1581518998054,SUBS,4,bid-size,4,4
QUOTE,1581518998054,SUBS,6,ask-id,6,P
QUOTE,1581518998054,SUBS,7,bid-id,7,N
QUOTE,1581518998054,SUBS,key,symbol,key,IVV
QUOTE,1581518998054,SUBS,6,ask-id,6,Z
QUOTE,1581518998054,SUBS,key,symbol,key,SPY
QUOTE,1581518998054,SUBS,1,bid-price,1,336.9
QUOTE,1581518998054,SUBS,4,bid-size,4,11
QUOTE,1581518998054,SUBS,5,ask-size,5,14
QUOTE,1581518998054,SUBS,7,bid-id,7,T
QUOTE,1581518998054,SUBS,key,symbol,key,SSO
QUOTE,1581518998054,SUBS,2,ask-price,2,164.47
QUOTE,1581518998054,SUBS,4,bid-size,4,2
QUOTE,1581518998054,SUBS,5,ask-size,5,1
QUOTE,1581518998054,SUBS,6,ask-id,6,T
QUOTE,1581518998054,SUBS,key,symbol,key,UPRO
QUOTE,1581518998054,SUBS,1,bid-price,1,79.42
QUOTE,1581518998054,SUBS,4,bid-size,4,1
QUOTE,1581518998054,SUBS,5,ask-size,5,3
QUOTE,1581518998054,SUBS,6,ask-id,6,N
QUOTE,1581518998054,SUBS,7,bid-id,7,N
QUOTE,1581518998054,SUBS,key,symbol,key,SPXU
QUOTE,1581518998054,SUBS,4,bid-size,4,4
QUOTE,1581518998054,SUBS,key,symbol,key,SPXS
QUOTE,1581518998054,SUBS,4,bid-size,4,221
QUOTE,1581518998054,SUBS,5,ask-size,5,1199
QUOTE,1581518999100,SUBS,key,symbol,key,SH
QUOTE,1581518999100,SUBS,4,bid-size,4,2569
QUOTE,1581518999100,SUBS,key,symbol,key,VOO
QUOTE,1581518999100,SUBS,1,bid-price,1,309.6
QUOTE,1581518999100,SUBS,4,bid-size,4,4
QUOTE,1581518999100,SUBS,5,ask-size,5,6
QUOTE,1581518999100,SUBS,6,ask-id,6,K
QUOTE,1581518999100,SUBS,7,bid-id,7,N
QUOTE,1581518999100,SUBS,key,symbol,key,SPXL
QUOTE,1581518999100,SUBS,4,bid-size,4,6
QUOTE,1581518999100,SUBS,6,ask-id,6,T
QUOTE,1581518999100,SUBS,key,symbol,key,IVV
QUOTE,1581518999100,SUBS,3,last-price,3,338.44
QUOTE,1581518999100,SUBS,4,bid-size,4,3
QUOTE,1581518999100,SUBS,7,bid-id,7,Z
QUOTE,1581518999100,SUBS,key,symbol,key,SPY
QUOTE,1581518999100,SUBS,1,bid-price,1,336.91
QUOTE,1581518999100,SUBS,4,bid-size,4,3
QUOTE,1581518999100,SUBS,5,ask-size,5,12
QUOTE,1581518999100,SUBS,7,bid-id,7,Z
QUOTE,1581518999100,SUBS,key,symbol,key,SDS
QUOTE,1581518999100,SUBS,5,ask-size,5,495
QUOTE,1581518999100,SUBS,key,symbol,key,SSO
QUOTE,1581518999100,SUBS,2,ask-price,2,164.48
QUOTE,1581518999100,SUBS,4,bid-size,4,1
QUOTE,1581518999100,SUBS,5,ask-size,5,2
QUOTE,1581518999100,SUBS,6,ask-id,6,K
QUOTE,1581518999100,SUBS,key,symbol,key,UPRO
QUOTE,1581518999100,SUBS,5,ask-size,5,1
QUOTE,1581518999100,SUBS,key,symbol,key,SPXU
QUOTE,1581518999100,SUBS,5,ask-size,5,407
QUOTE,1581518999100,SUBS,key,symbol,key,SPXS
QUOTE,1581518999100,SUBS,5,ask-size,5,1196
QUOTE,1581519000125,SUBS,key,symbol,key,SH
QUOTE,1581519000125,SUBS,4,bid-size,4,2570
QUOTE,1581519000125,SUBS,key,symbol,key,VOO
QUOTE,1581519000125,SUBS,1,bid-price,1,309.59
QUOTE,1581519000125,SUBS,2,ask-price,2,309.61
QUOTE,1581519000125,SUBS,4,bid-size,4,6
QUOTE,1581519000125,SUBS,5,ask-size,5,4
QUOTE,1581519000125,SUBS,6,ask-id,6,N
QUOTE,1581519000125,SUBS,7,bid-id,7,T
QUOTE,1581519000125,SUBS,key,symbol,key,SPXL
QUOTE,1581519000125,SUBS,4,bid-size,4,1
QUOTE,1581519000125,SUBS,5,ask-size,5,5
QUOTE,1581519000125,SUBS,6,ask-id,6,N
QUOTE,1581519000125,SUBS,7,bid-id,7,P
QUOTE,1581519000125,SUBS,key,symbol,key,IVV
QUOTE,1581519000125,SUBS,2,ask-price,2,338.46
QUOTE,1581519000125,SUBS,4,bid-size,4,1
QUOTE,1581519000125,SUBS,5,ask-size,5,3
QUOTE,1581519000125,SUBS,6,ask-id,6,K
QUOTE,1581519000125,SUBS,key,symbol,key,SPY
QUOTE,1581519000125,SUBS,1,bid-price,1,336.89
QUOTE,1581519000125,SUBS,2,ask-price,2,336.91
QUOTE,1581519000125,SUBS,3,last-price,3,336.896
QUOTE,1581519000125,SUBS,4,bid-size,4,11
QUOTE,1581519000125,SUBS,5,ask-size,5,10
QUOTE,1581519000125,SUBS,7,bid-id,7,T
QUOTE,1581519000125,SUBS,key,symbol,key,SDS
QUOTE,1581519000125,SUBS,5,ask-size,5,317
QUOTE,1581519000125,SUBS,key,symbol,key,SSO
QUOTE,1581519000125,SUBS,5,ask-size,5,10
QUOTE,1581519000125,SUBS,6,ask-id,6,N
QUOTE,1581519000125,SUBS,7,bid-id,7,T
QUOTE,1581519000125,SUBS,key,symbol,key,UPRO
QUOTE,1581519000125,SUBS,1,bid-price,1,79.41
QUOTE,1581519000125,SUBS,4,bid-size,4,8
QUOTE,1581519000125,SUBS,5,ask-size,5,3
QUOTE,1581519000125,SUBS,6,ask-id,6,Z
QUOTE,1581519000125,SUBS,7,bid-id,7,T
QUOTE,1581519000125,SUBS,key,symbol,key,SPXU
QUOTE,1581519000125,SUBS,4,bid-size,4,74
QUOTE,1581519000125,SUBS,5,ask-size,5,390
QUOTE,1581519000125,SUBS,key,symbol,key,SPXS
QUOTE,1581519000125,SUBS,4,bid-size,4,325
QUOTE,1581519000125,SUBS,5,ask-size,5,1185
QUOTE,1581519000125,SUBS,7,bid-id,7,P
QUOTE,1581519001129,SUBS,key,symbol,key,VOO
QUOTE,1581519001129,SUBS,2,ask-price,2,309.6
QUOTE,1581519001129,SUBS,4,bid-size,4,2
QUOTE,1581519001129,SUBS,5,ask-size,5,5
QUOTE,1581519001129,SUBS,6,ask-id,6,K
QUOTE,1581519001129,SUBS,key,symbol,key,SPXL
QUOTE,1581519001129,SUBS,5,ask-size,5,11
QUOTE,1581519001129,SUBS,6,ask-id,6,Z
QUOTE,1581519001129,SUBS,key,symbol,key,IVV
QUOTE,1581519001129,SUBS,2,ask-price,2,338.45
QUOTE,1581519001129,SUBS,5,ask-size,5,5
QUOTE,1581519001129,SUBS,6,ask-id,6,N
QUOTE,1581519001129,SUBS,7,bid-id,7,T
QUOTE,1581519001129,SUBS,key,symbol,key,SPY
QUOTE,1581519001129,SUBS,1,bid-price,1,336.9
QUOTE,1581519001129,SUBS,3,last-price,3,336.9
QUOTE,1581519001129,SUBS,4,bid-size,4,1
QUOTE,1581519001129,SUBS,5,ask-size,5,40
QUOTE,1581519001129,SUBS,7,bid-id,7,P
QUOTE,1581519001129,SUBS,key,symbol,key,SDS
QUOTE,1581519001129,SUBS,5,ask-size,5,307
QUOTE,1581519001129,SUBS,key,symbol,key,SSO
QUOTE,1581519001129,SUBS,1,bid-price,1,164.44
QUOTE,1581519001129,SUBS,2,ask-price,2,164.47
QUOTE,1581519001129,SUBS,5,ask-size,5,5
QUOTE,1581519001129,SUBS,6,ask-id,6,P
QUOTE,1581519001129,SUBS,7,bid-id,7,K
QUOTE,1581519001129,SUBS,key,symbol,key,UPRO
QUOTE,1581519001129,SUBS,2,ask-price,2,79.42
QUOTE,1581519001129,SUBS,4,bid-size,4,1
QUOTE,1581519001129,SUBS,5,ask-size,5,7
QUOTE,1581519001129,SUBS,6,ask-id,6,K
QUOTE,1581519001129,SUBS,7,bid-id,7,P
QUOTE,1581519001129,SUBS,key,symbol,key,SPXU
QUOTE,1581519001129,SUBS,5,ask-size,5,359
QUOTE,1581519001129,SUBS,key,symbol,key,SPXS
QUOTE,1581519001129,SUBS,4,bid-size,4,469
QUOTE,1581519001129,SUBS,5,ask-size,5,1181
QUOTE,1581519002156,SUBS,key,symbol,key,VOO
QUOTE,1581519002156,SUBS,1,bid-price,1,309.58
QUOTE,1581519002156,SUBS,2,ask-price,2,309.59
QUOTE,1581519002156,SUBS,3,last-price,3,309.59
QUOTE,1581519002156,SUBS,4,bid-size,4,5
QUOTE,1581519002156,SUBS,5,ask-size,5,1
QUOTE,1581519002156,SUBS,6,ask-id,6,T
QUOTE,1581519002156,SUBS,key,symbol,key,SPXL
QUOTE,1581519002156,SUBS,1,bid-price,1,74.96
QUOTE,1581519002156,SUBS,2,ask-price,2,74.97
QUOTE,1581519002156,SUBS,5,ask-size,5,8
QUOTE,1581519002156,SUBS,6,ask-id,6,N
QUOTE,1581519002156,SUBS,key,symbol,key,IVV
QUOTE,1581519002156,SUBS,1,bid-price,1,338.41
QUOTE,1581519002156,SUBS,2,ask-price,2,338.44
QUOTE,1581519002156,SUBS,4,bid-size,4,6
QUOTE,1581519002156,SUBS,5,ask-size,5,2
QUOTE,1581519002156,SUBS,6,ask-id,6,Z
QUOTE,1581519002156,SUBS,7,bid-id,7,K
QUOTE,1581519002156,SUBS,key,symbol,key,SPY
QUOTE,1581519002156,SUBS,1,bid-price,1,336.88
QUOTE,1581519002156,SUBS,2,ask-price,2,336.9
QUOTE,1581519002156,SUBS,3,last-price,3,336.89
QUOTE,1581519002156,SUBS,4,bid-size,4,9
QUOTE,1581519002156,SUBS,5,ask-size,5,16
QUOTE,1581519002156,SUBS,7,bid-id,7,T
QUOTE,1581519002156,SUBS,key,symbol,key,SSO
QUOTE,1581519002156,SUBS,1,bid-price,1,164.43
QUOTE,1581519002156,SUBS,2,ask-price,2,164.46
QUOTE,1581519002156,SUBS,4,bid-size,4,3
QUOTE,1581519002156,SUBS,5,ask-size,5,1
QUOTE,1581519002156,SUBS,6,ask-id,6,X
QUOTE,1581519002156,SUBS,7,bid-id,7,P
QUOTE,1581519002156,SUBS,key,symbol,key,UPRO
QUOTE,1581519002156,SUBS,1,bid-price,1,79.4
QUOTE,1581519002156,SUBS,4,bid-size,4,4
QUOTE,1581519002156,SUBS,5,ask-size,5,8
QUOTE,1581519002156,SUBS,key,symbol,key,SPXU
QUOTE,1581519002156,SUBS,4,bid-size,4,105
QUOTE,1581519002156,SUBS,5,ask-size,5,264
QUOTE,1581519002156,SUBS,7,bid-id,7,P
QUOTE,1581519002156,SUBS,key,symbol,key,SPXS
QUOTE,1581519002156,SUBS,4,bid-size,4,565
QUOTE,1581519002156,SUBS,5,ask-size,5,1006
QUOTE,1581519003202,SUBS,key,symbol,key,VOO
QUOTE,1581519003202,SUBS,2,ask-price,2,309.6
QUOTE,1581519003202,SUBS,5,ask-size,5,6
QUOTE,1581519003202,SUBS,6,ask-id,6,K
QUOTE,1581519003202,SUBS,key,symbol,key,SPXL
QUOTE,1581519003202,SUBS,5,ask-size,5,5
QUOTE,1581519003202,SUBS,key,symbol,key,IVV
QUOTE,1581519003202,SUBS,5,ask-size,5,1
QUOTE,1581519003202,SUBS,6,ask-id,6,T
QUOTE,1581519003202,SUBS,key,symbol,key,SPY
QUOTE,1581519003202,SUBS,3,last-price,3,336.88
QUOTE,1581519003202,SUBS,4,bid-size,4,7
QUOTE,1581519003202,SUBS,5,ask-size,5,23
QUOTE,1581519003202,SUBS,6,ask-id,6,P
QUOTE,1581519003202,SUBS,key,symbol,key,SPXU
QUOTE,1581519003202,SUBS,3,last-price,3,17.4159
QUOTE,1581519003202,SUBS,key,symbol,key,SPXS
QUOTE,1581519003202,SUBS,4,bid-size,4,556
QUOTE,1581519004247,SUBS,key,symbol,key,SH
QUOTE,1581519004247,SUBS,4,bid-size,4,2642
QUOTE,1581519004247,SUBS,5,ask-size,5,532
QUOTE,1581519004247,SUBS,key,symbol,key,VOO
QUOTE,1581519004247,SUBS,1,bid-price,1,309.57
QUOTE,1581519004247,SUBS,2,ask-price,2,309.59
QUOTE,1581519004247,SUBS,4,bid-size,4,1
QUOTE,1581519004247,SUBS,5,ask-size,5,10
QUOTE,1581519004247,SUBS,6,ask-id,6,P
QUOTE,1581519004247,SUBS,7,bid-id,7,Z
QUOTE,1581519004247,SUBS,key,symbol,key,SPXL
QUOTE,1581519004247,SUBS,1,bid-price,1,74.95
QUOTE,1581519004247,SUBS,2,ask-price,2,74.96
QUOTE,1581519004247,SUBS,3,last-price,3,74.9636
QUOTE,1581519004247,SUBS,4,bid-size,4,19
QUOTE,1581519004247,SUBS,5,ask-size,5,3
QUOTE,1581519004247,SUBS,6,ask-id,6,Z
QUOTE,1581519004247,SUBS,7,bid-id,7,N
QUOTE,1581519004247,SUBS,key,symbol,key,IVV
QUOTE,1581519004247,SUBS,2,ask-price,2,338.43
QUOTE,1581519004247,SUBS,4,bid-size,4,1
QUOTE,1581519004247,SUBS,5,ask-size,5,11
QUOTE,1581519004247,SUBS,6,ask-id,6,P
QUOTE,1581519004247,SUBS,key,symbol,key,SPY
QUOTE,1581519004247,SUBS,1,bid-price,1,336.87
QUOTE,1581519004247,SUBS,2,ask-price,2,336.88
QUOTE,1581519004247,SUBS,4,bid-size,4,32
QUOTE,1581519004247,SUBS,5,ask-size,5,3
QUOTE,1581519004247,SUBS,6,ask-id,6,T
QUOTE,1581519004247,SUBS,key,symbol,key,SDS
QUOTE,1581519004247,SUBS,3,last-price,3,22.6831
QUOTE,1581519004247,SUBS,4,bid-size,4,548
QUOTE,1581519004247,SUBS,5,ask-size,5,207
QUOTE,1581519004247,SUBS,6,ask-id,6,N
QUOTE,1581519004247,SUBS,key,symbol,key,SSO
QUOTE,1581519004247,SUBS,2,ask-price,2,164.45
QUOTE,1581519004247,SUBS,4,bid-size,4,2
QUOTE,1581519004247,SUBS,5,ask-size,5,2
QUOTE,1581519004247,SUBS,6,ask-id,6,Z
QUOTE,1581519004247,SUBS,key,symbol,key,UPRO
QUOTE,1581519004247,SUBS,2,ask-price,2,79.41
QUOTE,1581519004247,SUBS,4,bid-size,4,3
QUOTE,1581519004247,SUBS,5,ask-size,5,16
QUOTE,1581519004247,SUBS,key,symbol,key,SPXU
QUOTE,1581519004247,SUBS,5,ask-size,5,263
QUOTE,1581519005251,SUBS,key,symbol,key,SH
QUOTE,1581519005251,SUBS,4,bid-size,4,2958
QUOTE,1581519005251,SUBS,5,ask-size,5,568
QUOTE,1581519005251,SUBS,key,symbol,key,VOO
QUOTE,1581519005251,SUBS,1,bid-price,1,309.54
QUOTE,1581519005251,SUBS,2,ask-price,2,309.57
QUOTE,1581519005251,SUBS,4,bid-size,4,13
QUOTE,1581519005251,SUBS,5,ask-size,5,2
QUOTE,1581519005251,SUBS,6,ask-id,6,N
QUOTE,1581519005251,SUBS,7,bid-id,7,N
QUOTE,1581519005251,SUBS,key,symbol,key,SPXL
QUOTE,1581519005251,SUBS,1,bid-price,1,74.94
QUOTE,1581519005251,SUBS,2,ask-price,2,74.95
QUOTE,1581519005251,SUBS,4,bid-size,4,2
QUOTE,1581519005251,SUBS,5,ask-size,5,8
QUOTE,1581519005251,SUBS,6,ask-id,6,N
QUOTE,1581519005251,SUBS,7,bid-id,7,T
QUOTE,1581519005251,SUBS,key,symbol,key,IVV
QUOTE,1581519005251,SUBS,1,bid-price,1,338.4
QUOTE,1581519005251,SUBS,2,ask-price,2,338.41
QUOTE,1581519005251,SUBS,4,bid-size,4,5
QUOTE,1581519005251,SUBS,5,ask-size,5,1
QUOTE,1581519005251,SUBS,6,ask-id,6,T
QUOTE,1581519005251,SUBS,7,bid-id,7,T
QUOTE,1581519005251,SUBS,key,symbol,key,SPY
QUOTE,1581519005251,SUBS,1,bid-price,1,336.85
QUOTE,1581519005251,SUBS,2,ask-price,2,336.87
QUOTE,1581519005251,SUBS,3,last-price,3,336.85
QUOTE,1581519005251,SUBS,4,bid-size,4,30
QUOTE,1581519005251,SUBS,5,ask-size,5,9
QUOTE,1581519005251,SUBS,key,symbol,key,SDS
QUOTE,1581519005251,SUBS,4,bid-size,4,588
QUOTE,1581519005251,SUBS,5,ask-size,5,35
QUOTE,1581519005251,SUBS,6,ask-id,6,T
QUOTE,1581519005251,SUBS,key,symbol,key,SSO
QUOTE,1581519005251,SUBS,1,bid-price,1,164.4
QUOTE,1581519005251,SUBS,2,ask-price,2,164.44
QUOTE,1581519005251,SUBS,3,last-price,3,164.43
QUOTE,1581519005251,SUBS,4,bid-size,4,1
QUOTE,1581519005251,SUBS,5,ask-size,5,3
QUOTE,1581519005251,SUBS,6,ask-id,6,T
QUOTE,1581519005251,SUBS,7,bid-id,7,K
QUOTE,1581519005251,SUBS,key,symbol,key,UPRO
QUOTE,1581519005251,SUBS,1,bid-price,1,79.37
QUOTE,1581519005251,SUBS,2,ask-price,2,79.4
QUOTE,1581519005251,SUBS,3,last-price,3,79.4
QUOTE,1581519005251,SUBS,4,bid-size,4,14
QUOTE,1581519005251,SUBS,5,ask-size,5,5
QUOTE,1581519005251,SUBS,7,bid-id,7,N
QUOTE,1581519005251,SUBS,key,symbol,key,SPXU
QUOTE,1581519005251,SUBS,4,bid-size,4,217
QUOTE,1581519005251,SUBS,5,ask-size,5,261
QUOTE,1581519005251,SUBS,key,symbol,key,SPXS
QUOTE,1581519005251,SUBS,4,bid-size,4,562
QUOTE,1581519005251,SUBS,5,ask-size,5,613
QUOTE,1581519006280,SUBS,key,symbol,key,SH
QUOTE,1581519006280,SUBS,5,ask-size,5,590
QUOTE,1581519006280,SUBS,key,symbol,key,VOO
QUOTE,1581519006280,SUBS,1,bid-price,1,309.55
QUOTE,1581519006280,SUBS,4,bid-size,4,2
QUOTE,1581519006280,SUBS,6,ask-id,6,P
QUOTE,1581519006280,SUBS,7,bid-id,7,P
QUOTE,1581519006280,SUBS,key,symbol,key,SPXL
QUOTE,1581519006280,SUBS,5,ask-size,5,7
QUOTE,1581519006280,SUBS,key,symbol,key,SPY
QUOTE,1581519006280,SUBS,1,bid-price,1,336.86
QUOTE,1581519006280,SUBS,3,last-price,3,336.86
QUOTE,1581519006280,SUBS,4,bid-size,4,3
QUOTE,1581519006280,SUBS,5,ask-size,5,6
QUOTE,1581519006280,SUBS,7,bid-id,7,P
QUOTE,1581519006280,SUBS,key,symbol,key,SDS
QUOTE,1581519006280,SUBS,5,ask-size,5,139
QUOTE,1581519006280,SUBS,key,symbol,key,UPRO
QUOTE,1581519006280,SUBS,1,bid-price,1,79.38
QUOTE,1581519006280,SUBS,4,bid-size,4,3
QUOTE,1581519006280,SUBS,6,ask-id,6,Z
QUOTE,1581519006280,SUBS,7,bid-id,7,Z
QUOTE,1581519007324,SUBS,key,symbol,key,SH
QUOTE,1581519007324,SUBS,5,ask-size,5,625
QUOTE,1581519007324,SUBS,key,symbol,key,VOO
QUOTE,1581519007324,SUBS,2,ask-price,2,309.58
QUOTE,1581519007324,SUBS,5,ask-size,5,9
QUOTE,1581519007324,SUBS,6,ask-id,6,Z
QUOTE,1581519007324,SUBS,7,bid-id,7,N
QUOTE,1581519007324,SUBS,key,symbol,key,SPXL
QUOTE,1581519007324,SUBS,2,ask-price,2,74.96
QUOTE,1581519007324,SUBS,4,bid-size,4,5
QUOTE,1581519007324,SUBS,5,ask-size,5,11
QUOTE,1581519007324,SUBS,6,ask-id,6,Z
QUOTE,1581519007324,SUBS,7,bid-id,7,N
QUOTE,1581519007324,SUBS,key,symbol,key,IVV
QUOTE,1581519007324,SUBS,2,ask-price,2,338.42
QUOTE,1581519007324,SUBS,4,bid-size,4,1
QUOTE,1581519007324,SUBS,5,ask-size,5,5
QUOTE,1581519007324,SUBS,6,ask-id,6,K
QUOTE,1581519007324,SUBS,key,symbol,key,SPY
QUOTE,1581519007324,SUBS,2,ask-price,2,336.88
QUOTE,1581519007324,SUBS,3,last-price,3,336.87
QUOTE,1581519007324,SUBS,4,bid-size,4,10
QUOTE,1581519007324,SUBS,5,ask-size,5,25
QUOTE,1581519007324,SUBS,7,bid-id,7,T
QUOTE,1581519007324,SUBS,key,symbol,key,SDS
QUOTE,1581519007324,SUBS,5,ask-size,5,147
QUOTE,1581519007324,SUBS,key,symbol,key,SSO
QUOTE,1581519007324,SUBS,1,bid-price,1,164.41
QUOTE,1581519007324,SUBS,6,ask-id,6,K
QUOTE,1581519007324,SUBS,7,bid-id,7,Z
QUOTE,1581519007324,SUBS,key,symbol,key,UPRO
QUOTE,1581519007324,SUBS,3,last-price,3,79.381
QUOTE,1581519007324,SUBS,5,ask-size,5,4
QUOTE,1581519007324,SUBS,6,ask-id,6,K
QUOTE,1581519007324,SUBS,7,bid-id,7,K
QUOTE,1581519007324,SUBS,key,symbol,key,SPXU
QUOTE,1581519007324,SUBS,4,bid-size,4,216
QUOTE,1581519007324,SUBS,key,symbol,key,SPXS
QUOTE,1581519007324,SUBS,4,bid-size,4,556
QUOTE,1581519008371,SUBS,key,symbol,key,SH
QUOTE,1581519008371,SUBS,4,bid-size,4,2570
QUOTE,1581519008371,SUBS,5,ask-size,5,949
QUOTE,1581519008371,SUBS,6,ask-id,6,P
QUOTE,1581519008371,SUBS,key,symbol,key,VOO
QUOTE,1581519008371,SUBS,1,bid-price,1,309.57
QUOTE,1581519008371,SUBS,2,ask-price,2,309.59
QUOTE,1581519008371,SUBS,4,bid-size,4,1
QUOTE,1581519008371,SUBS,5,ask-size,5,2
QUOTE,1581519008371,SUBS,6,ask-id,6,N
QUOTE,1581519008371,SUBS,7,bid-id,7,T
QUOTE,1581519008371,SUBS,key,symbol,key,SPXL
QUOTE,1581519008371,SUBS,1,bid-price,1,74.95
QUOTE,1581519008371,SUBS,3,last-price,3,74.9587
QUOTE,1581519008371,SUBS,4,bid-size,4,2
QUOTE,1581519008371,SUBS,5,ask-size,5,2
QUOTE,1581519008371,SUBS,6,ask-id,6,T
QUOTE,1581519008371,SUBS,7,bid-id,7,T
QUOTE,1581519008371,SUBS,key,symbol,key,IVV
QUOTE,1581519008371,SUBS,1,bid-price,1,338.41
QUOTE,1581519008371,SUBS,2,ask-price,2,338.44
QUOTE,1581519008371,SUBS,4,bid-size,4,5
QUOTE,1581519008371,SUBS,5,ask-size,5,2
QUOTE,1581519008371,SUBS,6,ask-id,6,T
QUOTE,1581519008371,SUBS,7,bid-id,7,P
QUOTE,1581519008371,SUBS,key,symbol,key,SPY
QUOTE,1581519008371,SUBS,1,bid-price,1,336.87
QUOTE,1581519008371,SUBS,4,bid-size,4,34
QUOTE,1581519008371,SUBS,5,ask-size,5,2
QUOTE,1581519008371,SUBS,6,ask-id,6,P
QUOTE,1581519008371,SUBS,7,bid-id,7,P
QUOTE,1581519008371,SUBS,key,symbol,key,SDS
QUOTE,1581519008371,SUBS,4,bid-size,4,466
QUOTE,1581519008371,SUBS,5,ask-size,5,277
QUOTE,1581519008371,SUBS,6,ask-id,6,P
QUOTE,1581519008371,SUBS,key,symbol,key,SSO
QUOTE,1581519008371,SUBS,1,bid-price,1,164.43
QUOTE,1581519008371,SUBS,5,ask-size,5,1
QUOTE,1581519008371,SUBS,6,ask-id,6,P
QUOTE,1581519008371,SUBS,7,bid-id,7,T
QUOTE,1581519008371,SUBS,key,symbol,key,UPRO
QUOTE,1581519008371,SUBS,1,bid-price,1,79.4
QUOTE,1581519008371,SUBS,2,ask-price,2,79.41
QUOTE,1581519008371,SUBS,3,last-price,3,79.4
QUOTE,1581519008371,SUBS,4,bid-size,4,1
QUOTE,1581519008371,SUBS,5,ask-size,5,2
QUOTE,1581519008371,SUBS,6,ask-id,6,T
QUOTE,1581519008371,SUBS,7,bid-id,7,P
QUOTE,1581519008371,SUBS,key,symbol,key,SPXU
QUOTE,1581519008371,SUBS,4,bid-size,4,123
QUOTE,1581519008371,SUBS,5,ask-size,5,263
QUOTE,1581519009398,SUBS,key,symbol,key,SH
QUOTE,1581519009398,SUBS,5,ask-size,5,959
QUOTE,1581519009398,SUBS,key,symbol,key,SPXL
QUOTE,1581519009398,SUBS,4,bid-size,4,3
QUOTE,1581519009398,SUBS,7,bid-id,7,Z
QUOTE,1581519009398,SUBS,key,symbol,key,IVV
QUOTE,1581519009398,SUBS,4,bid-size,4,6
QUOTE,1581519009398,SUBS,5,ask-size,5,1
QUOTE,1581519009398,SUBS,6,ask-id,6,Z
QUOTE,1581519009398,SUBS,7,bid-id,7,Z
QUOTE,1581519009398,SUBS,key,symbol,key,SPY
QUOTE,1581519009398,SUBS,2,ask-price,2,336.89
QUOTE,1581519009398,SUBS,4,bid-size,4,41
QUOTE,1581519009398,SUBS,5,ask-size,5,11
QUOTE,1581519009398,SUBS,6,ask-id,6,T
QUOTE,1581519009398,SUBS,7,bid-id,7,T
QUOTE,1581519009398,SUBS,key,symbol,key,SSO
QUOTE,1581519009398,SUBS,2,ask-price,2,164.46
QUOTE,1581519009398,SUBS,5,ask-size,5,10
QUOTE,1581519009398,SUBS,6,ask-id,6,N
QUOTE,1581519009398,SUBS,key,symbol,key,UPRO
QUOTE,1581519009398,SUBS,5,ask-size,5,1
QUOTE,1581519009398,SUBS,7,bid-id,7,T
QUOTE,1581519009398,SUBS,key,symbol,key,SPXU
QUOTE,1581519009398,SUBS,4,bid-size,4,105
QUOTE,1581519010440,SUBS,key,symbol,key,SH
QUOTE,1581519010440,SUBS,5,ask-size,5,949
QUOTE,1581519010440,SUBS,key,symbol,key,VOO
QUOTE,1581519010440,SUBS,5,ask-size,5,1
QUOTE,1581519010440,SUBS,6,ask-id,6,T
QUOTE,1581519010440,SUBS,key,symbol,key,SPXL
QUOTE,1581519010440,SUBS,4,bid-size,4,4
QUOTE,1581519010440,SUBS,5,ask-size,5,1
QUOTE,1581519010440,SUBS,7,bid-id,7,T
QUOTE,1581519010440,SUBS,key,symbol,key,SPY
QUOTE,1581519010440,SUBS,1,bid-price,1,336.88
QUOTE,1581519010440,SUBS,3,last-price,3,336.885
QUOTE,1581519010440,SUBS,4,bid-size,4,8
QUOTE,1581519010440,SUBS,5,ask-size,5,4
QUOTE,1581519010440,SUBS,6,ask-id,6,Y
QUOTE,1581519010440,SUBS,key,symbol,key,SSO
QUOTE,1581519010440,SUBS,3,last-price,3,164.4367
QUOTE,1581519011486,SUBS,key,symbol,key,SH
QUOTE,1581519011486,SUBS,4,bid-size,4,2586
QUOTE,1581519011486,SUBS,5,ask-size,5,657
QUOTE,1581519011486,SUBS,key,symbol,key,VOO
QUOTE,1581519011486,SUBS,1,bid-price,1,309.58
QUOTE,1581519011486,SUBS,5,ask-size,5,2
QUOTE,1581519011486,SUBS,key,symbol,key,SPXL
QUOTE,1581519011486,SUBS,1,bid-price,1,74.96
QUOTE,1581519011486,SUBS,2,ask-price,2,74.97
QUOTE,1581519011486,SUBS,4,bid-size,4,1
QUOTE,1581519011486,SUBS,5,ask-size,5,8
QUOTE,1581519011486,SUBS,6,ask-id,6,N
QUOTE,1581519011486,SUBS,key,symbol,key,IVV
QUOTE,1581519011486,SUBS,1,bid-price,1,338.43
QUOTE,1581519011486,SUBS,4,bid-size,4,1
QUOTE,1581519011486,SUBS,6,ask-id,6,T
QUOTE,1581519011486,SUBS,7,bid-id,7,T
QUOTE,1581519011486,SUBS,key,symbol,key,SPY
QUOTE,1581519011486,SUBS,2,ask-price,2,336.9
QUOTE,1581519011486,SUBS,3,last-price,3,336.9
QUOTE,1581519011486,SUBS,4,bid-size,4,16
QUOTE,1581519011486,SUBS,5,ask-size,5,38
QUOTE,1581519011486,SUBS,6,ask-id,6,T
QUOTE,1581519011486,SUBS,7,bid-id,7,P
QUOTE,1581519011486,SUBS,key,symbol,key,SDS
QUOTE,1581519011486,SUBS,4,bid-size,4,475
QUOTE,1581519011486,SUBS,key,symbol,key,SSO
QUOTE,1581519011486,SUBS,5,ask-size,5,2
QUOTE,1581519011486,SUBS,6,ask-id,6,P
QUOTE,1581519011486,SUBS,key,symbol,key,UPRO
QUOTE,1581519011486,SUBS,2,ask-price,2,79.42
QUOTE,1581519011486,SUBS,3,last-price,3,79.42
QUOTE,1581519011486,SUBS,4,bid-size,4,7
QUOTE,1581519011486,SUBS,5,ask-size,5,8
QUOTE,1581519011486,SUBS,6,ask-id,6,Z
QUOTE,1581519011486,SUBS,7,bid-id,7,N
QUOTE,1581519011486,SUBS,key,symbol,key,SPXU
QUOTE,1581519011486,SUBS,5,ask-size,5,264
QUOTE,1581519011486,SUBS,key,symbol,key,SPXS
QUOTE,1581519011486,SUBS,4,bid-size,4,554
QUOTE,1581519011486,SUBS,5,ask-size,5,832
QUOTE,1581519012517,SUBS,key,symbol,key,SH
QUOTE,1581519012517,SUBS,4,bid-size,4,2570
QUOTE,1581519012517,SUBS,5,ask-size,5,949
QUOTE,1581519012517,SUBS,key,symbol,key,VOO
QUOTE,1581519012517,SUBS,1,bid-price,1,309.57
QUOTE,1581519012517,SUBS,4,bid-size,4,4
QUOTE,1581519012517,SUBS,7,bid-id,7,P
QUOTE,1581519012517,SUBS,key,symbol,key,SPXL
QUOTE,1581519012517,SUBS,1,bid-price,1,74.95
QUOTE,1581519012517,SUBS,4,bid-size,4,20
QUOTE,1581519012517,SUBS,5,ask-size,5,9
QUOTE,1581519012517,SUBS,7,bid-id,7,N
QUOTE,1581519012517,SUBS,key,symbol,key,IVV
QUOTE,1581519012517,SUBS,1,bid-price,1,338.41
QUOTE,1581519012517,SUBS,3,last-price,3,338.43
QUOTE,1581519012517,SUBS,4,bid-size,4,7
QUOTE,1581519012517,SUBS,5,ask-size,5,2
QUOTE,1581519012517,SUBS,6,ask-id,6,P
QUOTE,1581519012517,SUBS,7,bid-id,7,Z
QUOTE,1581519012517,SUBS,key,symbol,key,SPY
QUOTE,1581519012517,SUBS,2,ask-price,2,336.89
QUOTE,1581519012517,SUBS,3,last-price,3,336.89
QUOTE,1581519012517,SUBS,4,bid-size,4,8
QUOTE,1581519012517,SUBS,5,ask-size,5,2
QUOTE,1581519012517,SUBS,6,ask-id,6,P
QUOTE,1581519012517,SUBS,7,bid-id,7,T
QUOTE,1581519012517,SUBS,key,symbol,key,UPRO
QUOTE,1581519012517,SUBS,4,bid-size,4,6
QUOTE,1581519012517,SUBS,7,bid-id,7,P
QUOTE,1581519012517,SUBS,key,symbol,key,SPXU
QUOTE,1581519012517,SUBS,5,ask-size,5,263
QUOTE,1581519012517,SUBS,key,symbol,key,SPXS
QUOTE,1581519012517,SUBS,3,last-price,3,11.5295
QUOTE,1581519012517,SUBS,5,ask-size,5,661
QUOTE,1581519013563,SUBS,key,symbol,key,SH
QUOTE,1581519013563,SUBS,4,bid-size,4,2658
QUOTE,1581519013563,SUBS,5,ask-size,5,657
QUOTE,1581519013563,SUBS,key,symbol,key,VOO
QUOTE,1581519013563,SUBS,2,ask-price,2,309.58
QUOTE,1581519013563,SUBS,4,bid-size,4,1
QUOTE,1581519013563,SUBS,5,ask-size,5,3
QUOTE,1581519013563,SUBS,6,ask-id,6,P
QUOTE,1581519013563,SUBS,7,bid-id,7,T
QUOTE,1581519013563,SUBS,key,symbol,key,SPXL
QUOTE,1581519013563,SUBS,2,ask-price,2,74.96
QUOTE,1581519013563,SUBS,4,bid-size,4,6
QUOTE,1581519013563,SUBS,5,ask-size,5,8
QUOTE,1581519013563,SUBS,7,bid-id,7,T
QUOTE,1581519013563,SUBS,key,symbol,key,IVV
QUOTE,1581519013563,SUBS,2,ask-price,2,338.42
QUOTE,1581519013563,SUBS,4,bid-size,4,5
QUOTE,1581519013563,SUBS,5,ask-size,5,5
QUOTE,1581519013563,SUBS,6,ask-id,6,N
QUOTE,1581519013563,SUBS,7,bid-id,7,K
QUOTE,1581519013563,SUBS,key,symbol,key,SPY
QUOTE,1581519013563,SUBS,1,bid-price,1,336.87
QUOTE,1581519013563,SUBS,2,ask-price,2,336.88
QUOTE,1581519013563,SUBS,3,last-price,3,336.88
QUOTE,1581519013563,SUBS,4,bid-size,4,40
QUOTE,1581519013563,SUBS,5,ask-size,5,5
QUOTE,1581519013563,SUBS,key,symbol,key,SDS
QUOTE,1581519013563,SUBS,4,bid-size,4,615
QUOTE,1581519013563,SUBS,5,ask-size,5,199
QUOTE,1581519013563,SUBS,6,ask-id,6,N
QUOTE,1581519013563,SUBS,key,symbol,key,SSO
QUOTE,1581519013563,SUBS,2,ask-price,2,164.44
QUOTE,1581519013563,SUBS,5,ask-size,5,5
QUOTE,1581519013563,SUBS,6,ask-id,6,N
QUOTE,1581519013563,SUBS,key,symbol,key,UPRO
QUOTE,1581519013563,SUBS,2,ask-price,2,79.41
QUOTE,1581519013563,SUBS,4,bid-size,4,5
QUOTE,1581519013563,SUBS,5,ask-size,5,11
QUOTE,1581519013563,SUBS,6,ask-id,6,K
QUOTE,1581519013563,SUBS,key,symbol,key,SPXU
QUOTE,1581519013563,SUBS,4,bid-size,4,123
QUOTE,1581519013563,SUBS,key,symbol,key,SPXS
QUOTE,1581519013563,SUBS,4,bid-size,4,555
QUOTE,1581519013563,SUBS,5,ask-size,5,613
QUOTE,1581519014609,SUBS,key,symbol,key,SH
QUOTE,1581519014609,SUBS,4,bid-size,4,2958
QUOTE,1581519014609,SUBS,5,ask-size,5,630
QUOTE,1581519014609,SUBS,key,symbol,key,VOO
QUOTE,1581519014609,SUBS,1,bid-price,1,309.55
QUOTE,1581519014609,SUBS,2,ask-price,2,309.57
QUOTE,1581519014609,SUBS,4,bid-size,4,2
QUOTE,1581519014609,SUBS,6,ask-id,6,Z
QUOTE,1581519014609,SUBS,7,bid-id,7,N
QUOTE,1581519014609,SUBS,key,symbol,key,SPXL
QUOTE,1581519014609,SUBS,1,bid-price,1,74.94
QUOTE,1581519014609,SUBS,2,ask-price,2,74.95
QUOTE,1581519014609,SUBS,4,bid-size,4,4
QUOTE,1581519014609,SUBS,5,ask-size,5,3
QUOTE,1581519014609,SUBS,6,ask-id,6,T
QUOTE,1581519014609,SUBS,7,bid-id,7,N
QUOTE,1581519014609,SUBS,key,symbol,key,IVV
QUOTE,1581519014609,SUBS,1,bid-price,1,338.39
QUOTE,1581519014609,SUBS,2,ask-price,2,338.41
QUOTE,1581519014609,SUBS,4,bid-size,4,1
QUOTE,1581519014609,SUBS,5,ask-size,5,1
QUOTE,1581519014609,SUBS,6,ask-id,6,T
QUOTE,1581519014609,SUBS,7,bid-id,7,Z
QUOTE,1581519014609,SUBS,key,symbol,key,SPY
QUOTE,1581519014609,SUBS,1,bid-price,1,336.86
QUOTE,1581519014609,SUBS,2,ask-price,2,336.87
QUOTE,1581519014609,SUBS,3,last-price,3,336.8658
QUOTE,1581519014609,SUBS,4,bid-size,4,11
QUOTE,1581519014609,SUBS,5,ask-size,5,8
QUOTE,1581519014609,SUBS,6,ask-id,6,T
QUOTE,1581519014609,SUBS,7,bid-id,7,P
QUOTE,1581519014609,SUBS,key,symbol,key,SDS
QUOTE,1581519014609,SUBS,4,bid-size,4,752
QUOTE,1581519014609,SUBS,5,ask-size,5,47
QUOTE,1581519014609,SUBS,key,symbol,key,SSO
QUOTE,1581519014609,SUBS,1,bid-price,1,164.41
QUOTE,1581519014609,SUBS,5,ask-size,5,6
QUOTE,1581519014609,SUBS,6,ask-id,6,Z
QUOTE,1581519014609,SUBS,7,bid-id,7,Z
QUOTE,1581519014609,SUBS,key,symbol,key,UPRO
QUOTE,1581519014609,SUBS,1,bid-price,1,79.38
QUOTE,1581519014609,SUBS,2,ask-price,2,79.4
QUOTE,1581519014609,SUBS,3,last-price,3,79.4
QUOTE,1581519014609,SUBS,4,bid-size,4,4
QUOTE,1581519014609,SUBS,5,ask-size,5,6
QUOTE,1581519014609,SUBS,6,ask-id,6,Z
QUOTE,1581519014609,SUBS,7,bid-id,7,Z
QUOTE,1581519014609,SUBS,key,symbol,key,SPXU
QUOTE,1581519014609,SUBS,4,bid-size,4,205
QUOTE,1581519014609,SUBS,key,symbol,key,SPXS
QUOTE,1581519014609,SUBS,4,bid-size,4,581
QUOTE,1581519015655,SUBS,key,symbol,key,SH
QUOTE,1581519015655,SUBS,5,ask-size,5,594
QUOTE,1581519015655,SUBS,6,ask-id,6,T
QUOTE,1581519015655,SUBS,key,symbol,key,VOO
QUOTE,1581519015655,SUBS,1,bid-price,1,309.56
QUOTE,1581519015655,SUBS,4,bid-size,4,1
QUOTE,1581519015655,SUBS,5,ask-size,5,1
QUOTE,1581519015655,SUBS,6,ask-id,6,N
QUOTE,1581519015655,SUBS,key,symbol,key,SPXL
QUOTE,1581519015655,SUBS,3,last-price,3,74.941
QUOTE,1581519015655,SUBS,4,bid-size,4,19
QUOTE,1581519015655,SUBS,5,ask-size,5,1
QUOTE,1581519015655,SUBS,6,ask-id,6,P
QUOTE,1581519015655,SUBS,key,symbol,key,IVV
QUOTE,1581519015655,SUBS,1,bid-price,1,338.4
QUOTE,1581519015655,SUBS,2,ask-price,2,338.42
QUOTE,1581519015655,SUBS,5,ask-size,5,6
QUOTE,1581519015655,SUBS,6,ask-id,6,K
QUOTE,1581519015655,SUBS,7,bid-id,7,P
QUOTE,1581519015655,SUBS,key,symbol,key,SPY
QUOTE,1581519015655,SUBS,2,ask-price,2,336.88
QUOTE,1581519015655,SUBS,3,last-price,3,336.87
QUOTE,1581519015655,SUBS,4,bid-size,4,10
QUOTE,1581519015655,SUBS,5,ask-size,5,26
QUOTE,1581519015655,SUBS,key,symbol,key,SDS
QUOTE,1581519015655,SUBS,4,bid-size,4,622
QUOTE,1581519015655,SUBS,5,ask-size,5,140
QUOTE,1581519015655,SUBS,6,ask-id,6,T
QUOTE,1581519015655,SUBS,key,symbol,key,SSO
QUOTE,1581519015655,SUBS,5,ask-size,5,5
QUOTE,1581519015655,SUBS,6,ask-id,6,N
QUOTE,1581519015655,SUBS,7,bid-id,7,K
QUOTE,1581519015655,SUBS,key,symbol,key,UPRO
QUOTE,1581519015655,SUBS,1,bid-price,1,79.39
QUOTE,1581519015655,SUBS,4,bid-size,4,1
QUOTE,1581519015655,SUBS,5,ask-size,5,4
QUOTE,1581519015655,SUBS,7,bid-id,7,T
QUOTE,1581871938849,SUBS,key,symbol,key,SH
QUOTE,1581871938849,SUBS,delayed,delayed,delayed,False
QUOTE,1581871938849,SUBS,assetMainType,asset-main-type,assetMainType,EQUITY
QUOTE,1581872069145,SUBS,key,symbol,key,SH
QUOTE,1581872069145,SUBS,delayed,delayed,delayed,False
QUOTE,1581872069145,SUBS,assetMainType,asset-main-type,assetMainType,EQUITY
QUOTE,1581872141367,SUBS,key,symbol,key,SH
QUOTE,1581872141367,SUBS,delayed,delayed,delayed,False
QUOTE,1581872141367,SUBS,assetMainType,asset-main-type,assetMainType,EQUITY
QUOTE,1581872200216,SUBS,key,symbol,key,SH
QUOTE,1581872200216,SUBS,delayed,delayed,delayed,False
QUOTE,1581872200216,SUBS,assetMainType,asset-main-type,assetMainType,EQUITY
QUOTE,1581872276136,SUBS,key,symbol,key,SH
QUOTE,1581872276136,SUBS,delayed,delayed,delayed,False
QUOTE,1581872276136,SUBS,assetMainType,asset-main-type,assetMainType,EQUITY
QUOTE,1581872329961,SUBS,key,symbol,key,SH
QUOTE,1581872329961,SUBS,delayed,delayed,delayed,False
QUOTE,1581872329961,SUBS,assetMainType,asset-main-type,assetMainType,EQUITY
QUOTE,1581872415138,SUBS,key,symbol,key,SH
QUOTE,1581872415138,SUBS,delayed,delayed,delayed,False
QUOTE,1581872415138,SUBS,assetMainType,asset-main-type,assetMainType,EQUITY
QUOTE,1581872604443,SUBS,key,symbol,key,SH
QUOTE,1581872604443,SUBS,delayed,delayed,delayed,False
QUOTE,1581872604443,SUBS,assetMainType,asset-main-type,assetMainType,EQUITY
QUOTE,1581872652150,SUBS,key,symbol,key,SH
QUOTE,1581872652150,SUBS,delayed,delayed,delayed,False
QUOTE,1581872652150,SUBS,assetMainType,asset-main-type,assetMainType,EQUITY
QUOTE,1581872702117,SUBS,key,symbol,key,SH
QUOTE,1581872702117,SUBS,delayed,delayed,delayed,False
QUOTE,1581872702117,SUBS,assetMainType,asset-main-type,assetMainType,EQUITY
QUOTE,1581872921353,SUBS,key,symbol,key,SH
QUOTE,1581872921353,SUBS,delayed,delayed,delayed,False
QUOTE,1581872921353,SUBS,assetMainType,asset-main-type,assetMainType,EQUITY
QUOTE,1581873015360,SUBS,key,symbol,key,SH
QUOTE,1581873015360,SUBS,delayed,delayed,delayed,False
QUOTE,1581873015360,SUBS,assetMainType,asset-main-type,assetMainType,EQUITY
QUOTE,1581873148185,SUBS,key,symbol,key,SH
QUOTE,1581873148185,SUBS,delayed,delayed,delayed,False
QUOTE,1581873148185,SUBS,assetMainType,asset-main-type,assetMainType,EQUITY
QUOTE,1581873191913,SUBS,key,symbol,key,SH
QUOTE,1581873191913,SUBS,delayed,delayed,delayed,False
QUOTE,1581873191913,SUBS,assetMainType,asset-main-type,assetMainType,EQUITY
QUOTE,1581873263129,SUBS,key,symbol,key,SH
QUOTE,1581873263129,SUBS,delayed,delayed,delayed,False
QUOTE,1581873263129,SUBS,assetMainType,asset-main-type,assetMainType,EQUITY
QUOTE,1581873311985,SUBS,key,symbol,key,SH
QUOTE,1581873311985,SUBS,delayed,delayed,delayed,False
QUOTE,1581873311985,SUBS,assetMainType,asset-main-type,assetMainType,EQUITY
QUOTE,1581873337997,SUBS,key,symbol,key,SH
QUOTE,1581873337997,SUBS,delayed,delayed,delayed,False
QUOTE,1581873337997,SUBS,assetMainType,asset-main-type,assetMainType,EQUITY
QUOTE,1581873564288,SUBS,key,symbol,key,SH
QUOTE,1581873564288,SUBS,delayed,delayed,delayed,False
QUOTE,1581873564288,SUBS,assetMainType,asset-main-type,assetMainType,EQUITY
QUOTE,1581873647635,SUBS,key,symbol,key,SH
QUOTE,1581873647635,SUBS,delayed,delayed,delayed,False
QUOTE,1581873647635,SUBS,assetMainType,asset-main-type,assetMainType,EQUITY
QUOTE,1581873841701,SUBS,key,symbol,key,SH
QUOTE,1581873841701,SUBS,delayed,delayed,delayed,False
QUOTE,1581873841701,SUBS,assetMainType,asset-main-type,assetMainType,EQUITY
QUOTE,1581874043776,SUBS,key,symbol,key,SH
QUOTE,1581874043776,SUBS,delayed,delayed,delayed,False
QUOTE,1581874043776,SUBS,assetMainType,asset-main-type,assetMainType,EQUITY
LEVELONE_FUTURES,1581917081303,SUBS,key,symbol,key,/CL
LEVELONE_FUTURES,1581917081303,SUBS,delayed,delayed,delayed,False
LEVELONE_FUTURES,1581917081303,SUBS,assetMainType,asset-main-type,assetMainType,FUTURE
LEVELONE_FUTURES,1581917081303,SUBS,1,bid-price,1,52.29
LEVELONE_FUTURES,1581917081303,SUBS,2,ask-price,2,52.3
LEVELONE_FUTURES,1581917081303,SUBS,3,last-price,3,52.3
LEVELONE_FUTURES,1581917081303,SUBS,4,bid-size,4,36
LEVELONE_FUTURES,1581917081303,SUBS,5,ask-size,5,45
LEVELONE_FUTURES,1581917081303,SUBS,6,ask-id,6,?
LEVELONE_FUTURES,1581917081303,SUBS,7,bid-id,7,?
LEVELONE_FUTURES,1581917081303,SUBS,8,total-volume,8,22871
LEVELONE_FUTURES,1581917081303,SUBS,9,last-size,9,1
LEVELONE_FUTURES,1581917081303,SUBS,10,quote-time,10,1581917080735
LEVELONE_FUTURES,1581917081303,SUBS,11,trade-time,11,1581917079348
LEVELONE_FUTURES,1581917081303,SUBS,12,high-price,12,52.65
LEVELONE_FUTURES,1581917081303,SUBS,13,low-price,13,52.05
LEVELONE_FUTURES,1581917081303,SUBS,14,close-price,14,52.32
LEVELONE_FUTURES,1581917081303,SUBS,15,exchange-id,15,E
LEVELONE_FUTURES,1581917081303,SUBS,16,description,16,"Light Sweet Crude Oil Futures,Apr-2020,ETH"
LEVELONE_FUTURES,1581917081303,SUBS,17,last-id,17,?
LEVELONE_FUTURES,1581917081303,SUBS,18,open-price,18,52.49
LEVELONE_FUTURES,1581917081303,SUBS,19,net-change,19,-0.02
LEVELONE_FUTURES,1581917081303,SUBS,20,future-percent-change,20,-0.0004
LEVELONE_FUTURES,1581917081303,SUBS,21,exhange-name,21,XNYM
LEVELONE_FUTURES,1581917081303,SUBS,22,security-status,22,Unknown
LEVELONE_FUTURES,1581917081303,SUBS,23,open-interest,23,391409
LEVELONE_FUTURES,1581917081303,SUBS,24,mark,24,52.3
LEVELONE_FUTURES,1581917081303,SUBS,25,tick,25,0.01
LEVELONE_FUTURES,1581917081303,SUBS,26,tick-amount,26,10
LEVELONE_FUTURES,1581917081303,SUBS,27,product,27,/CL
LEVELONE_FUTURES,1581917081303,SUBS,28,future-price-format,28,"D,D"
LEVELONE_FUTURES,1581917081303,SUBS,29,future-trading-hours,29,GLBX(de=1640;0=-17001600;1=-17001600d-15551640;7=d-16401555)
LEVELONE_FUTURES,1581917081303,SUBS,30,future-is-tradable,30,True
LEVELONE_FUTURES,1581917081303,SUBS,31,future-multiplier,31,1000
LEVELONE_FUTURES,1581917081303,SUBS,32,future-is-active,32,True
LEVELONE_FUTURES,1581917081303,SUBS,33,future-settlement-price,33,52.32
LEVELONE_FUTURES,1581917081303,SUBS,34,future-active-symbol,34,/CLJ20
LEVELONE_FUTURES,1581917081303,SUBS,35,future-expiration-date,35,1584676800000
LEVELONE_FUTURES,1581917091952,SUBS,key,symbol,key,/CL
LEVELONE_FUTURES,1581917091952,SUBS,4,bid-size,4,35
LEVELONE_FUTURES,1581917091952,SUBS,10,quote-time,10,1581917091838
LEVELONE_FUTURES,1581917095184,SUBS,key,symbol,key,/CL
LEVELONE_FUTURES,1581917095184,SUBS,5,ask-size,5,44
LEVELONE_FUTURES,1581917095184,SUBS,10,quote-time,10,1581917095141
LEVELONE_FUTURES,1581917096225,SUBS,key,symbol,key,/CL
LEVELONE_FUTURES,1581917096225,SUBS,5,ask-size,5,45
LEVELONE_FUTURES,1581917096225,SUBS,10,quote-time,10,1581917095281
LEVELONE_FUTURES,1581917097246,SUBS,key,symbol,key,/CL
LEVELONE_FUTURES,1581917097246,SUBS,4,bid-size,4,38
LEVELONE_FUTURES,1581917097246,SUBS,5,ask-size,5,43
LEVELONE_FUTURES,1581917097246,SUBS,8,total-volume,8,22872
LEVELONE_FUTURES,1581917097246,SUBS,10,quote-time,10,1581917096996
LEVELONE_FUTURES,1581917097246,SUBS,11,trade-time,11,1581917096996
LEVELONE_FUTURES,1581917098431,SUBS,key,symbol,key,/CL
LEVELONE_FUTURES,1581917098431,SUBS,4,bid-size,4,35
LEVELONE_FUTURES,1581917098431,SUBS,5,ask-size,5,45
LEVELONE_FUTURES,1581917098431,SUBS,10,quote-time,10,1581917098156
LEVELONE_FUTURES,1581917099444,SUBS,key,symbol,key,/CL
LEVELONE_FUTURES,1581917099444,SUBS,5,ask-size,5,44
LEVELONE_FUTURES,1581917099444,SUBS,10,quote-time,10,1581917099231
LEVELONE_FUTURES,1581917100676,SUBS,key,symbol,key,/CL
LEVELONE_FUTURES,1581917100676,SUBS,5,ask-size,5,43
LEVELONE_FUTURES,1581917100676,SUBS,10,quote-time,10,1581917100632
LEVELONE_FUTURES,1581917101702,SUBS,key,symbol,key,/CL
LEVELONE_FUTURES,1581917101702,SUBS,5,ask-size,5,44
LEVELONE_FUTURES,1581917101702,SUBS,10,quote-time,10,1581917100705
LEVELONE_FUTURES,1581917102714,SUBS,key,symbol,key,/CL
LEVELONE_FUTURES,1581917102714,SUBS,5,ask-size,5,31
LEVELONE_FUTURES,1581917102714,SUBS,8,total-volume,8,22877
LEVELONE_FUTURES,1581917102714,SUBS,10,quote-time,10,1581917102395
LEVELONE_FUTURES,1581917102714,SUBS,11,trade-time,11,1581917102307
LEVELONE_FUTURES,1581917104441,SUBS,key,symbol,key,/CL
LEVELONE_FUTURES,1581917104441,SUBS,5,ask-size,5,42
LEVELONE_FUTURES,1581917104441,SUBS,10,quote-time,10,1581917104188
LEVELONE_FUTURES,1581917105487,SUBS,key,symbol,key,/CL
LEVELONE_FUTURES,1581917105487,SUBS,5,ask-size,5,36
LEVELONE_FUTURES,1581917105487,SUBS,10,quote-time,10,1581917104494
LEVELONE_FUTURES,1581917108193,SUBS,key,symbol,key,/CL
LEVELONE_FUTURES,1581917108193,SUBS,4,bid-size,4,38
LEVELONE_FUTURES,1581917108193,SUBS,5,ask-size,5,50
LEVELONE_FUTURES,1581917108193,SUBS,8,total-volume,8,22881
LEVELONE_FUTURES,1581917108193,SUBS,10,quote-time,10,1581917108146
LEVELONE_FUTURES,1581917109200,SUBS,key,symbol,key,/CL
LEVELONE_FUTURES,1581917109200,SUBS,4,bid-size,4,33
LEVELONE_FUTURES,1581917109200,SUBS,5,ask-size,5,39
LEVELONE_FUTURES,1581917109200,SUBS,8,total-volume,8,22882
LEVELONE_FUTURES,1581917109200,SUBS,10,quote-time,10,1581917108660
LEVELONE_FUTURES,1581917109200,SUBS,11,trade-time,11,1581917108318
LEVELONE_FUTURES,1581917110437,SUBS,key,symbol,key,/CL
LEVELONE_FUTURES,1581917110437,SUBS,3,last-price,3,52.29
LEVELONE_FUTURES,1581917110437,SUBS,4,bid-size,4,38
LEVELONE_FUTURES,1581917110437,SUBS,5,ask-size,5,35
LEVELONE_FUTURES,1581917110437,SUBS,8,total-volume,8,22883
LEVELONE_FUTURES,1581917110437,SUBS,10,quote-time,10,1581917110391
LEVELONE_FUTURES,1581917110437,SUBS,11,trade-time,11,1581917110315
LEVELONE_FUTURES,1581917110437,SUBS,19,net-change,19,-0.03
LEVELONE_FUTURES,1581917110437,SUBS,20,future-percent-change,20,-0.0006
LEVELONE_FUTURES,1581917110437,SUBS,24,mark,24,52.29
LEVELONE_FUTURES,1581917111443,SUBS,key,symbol,key,/CL
LEVELONE_FUTURES,1581917111443,SUBS,4,bid-size,4,36
LEVELONE_FUTURES,1581917111443,SUBS,5,ask-size,5,37
LEVELONE_FUTURES,1581917111443,SUBS,10,quote-time,10,1581917110407
LEVELONE_FUTURES,1581917112448,SUBS,key,symbol,key,/CL
LEVELONE_FUTURES,1581917112448,SUBS,4,bid-size,4,32
LEVELONE_FUTURES,1581917112448,SUBS,10,quote-time,10,1581917111553
LEVELONE_FUTURES,1581917113493,SUBS,key,symbol,key,/CL
LEVELONE_FUTURES,1581917113493,SUBS,4,bid-size,4,38
LEVELONE_FUTURES,1581917113493,SUBS,10,quote-time,10,1581917113049
LEVELONE_FUTURES,1581917114499,SUBS,key,symbol,key,/CL
LEVELONE_FUTURES,1581917114499,SUBS,4,bid-size,4,35
LEVELONE_FUTURES,1581917114499,SUBS,5,ask-size,5,34
LEVELONE_FUTURES,1581917114499,SUBS,10,quote-time,10,1581917114376
LEVELONE_FUTURES,1581917115538,SUBS,key,symbol,key,/CL
LEVELONE_FUTURES,1581917115538,SUBS,10,quote-time,10,1581917115389
LEVELONE_FUTURES,1581917116545,SUBS,key,symbol,key,/CL
LEVELONE_FUTURES,1581917116545,SUBS,10,quote-time,10,1581917115696
LEVELONE_FUTURES,1581917117571,SUBS,key,symbol,key,/CL
LEVELONE_FUTURES,1581917117571,SUBS,4,bid-size,4,32
LEVELONE_FUTURES,1581917117571,SUBS,5,ask-size,5,37
LEVELONE_FUTURES,1581917117571,SUBS,10,quote-time,10,1581917116867
LEVELONE_FUTURES,1581917118696,SUBS,key,symbol,key,/CL
LEVELONE_FUTURES,1581917118696,SUBS,4,bid-size,4,36
LEVELONE_FUTURES,1581917118696,SUBS,5,ask-size,5,34
LEVELONE_FUTURES,1581917118696,SUBS,10,quote-time,10,1581917118532
LEVELONE_FUTURES,1581917119702,SUBS,key,symbol,key,/CL
LEVELONE_FUTURES,1581917119702,SUBS,4,bid-size,4,32
LEVELONE_FUTURES,1581917119702,SUBS,5,ask-size,5,37
LEVELONE_FUTURES,1581917119702,SUBS,10,quote-time,10,1581917119511
LEVELONE_FUTURES,1581917120721,SUBS,key,symbol,key,/CL
LEVELONE_FUTURES,1581917120721,SUBS,4,bid-size,4,35
LEVELONE_FUTURES,1581917120721,SUBS,5,ask-size,5,33
LEVELONE_FUTURES,1581917120721,SUBS,10,quote-time,10,1581917120146
LEVELONE_FUTURES,1581917121735,SUBS,key,symbol,key,/CL
LEVELONE_FUTURES,1581917121735,SUBS,4,bid-size,4,32
LEVELONE_FUTURES,1581917121735,SUBS,5,ask-size,5,39
LEVELONE_FUTURES,1581917121735,SUBS,10,quote-time,10,1581917121627
LEVELONE_FUTURES,1581917122775,SUBS,key,symbol,key,/CL
LEVELONE_FUTURES,1581917122775,SUBS,5,ask-size,5,38
LEVELONE_FUTURES,1581917122775,SUBS,10,quote-time,10,1581917122021
LEVELONE_FUTURES,1581917123814,SUBS,key,symbol,key,/CL
LEVELONE_FUTURES,1581917123814,SUBS,5,ask-size,5,36
LEVELONE_FUTURES,1581917123814,SUBS,10,quote-time,10,1581917123655
LEVELONE_FUTURES,1581917124834,SUBS,key,symbol,key,/CL
LEVELONE_FUTURES,1581917124834,SUBS,10,quote-time,10,1581917124655
LEVELONE_FUTURES,1581917125860,SUBS,key,symbol,key,/CL
LEVELONE_FUTURES,1581917125860,SUBS,10,quote-time,10,1581917124997
LEVELONE_FUTURES,1581917126874,SUBS,key,symbol,key,/CL
LEVELONE_FUTURES,1581917126874,SUBS,10,quote-time,10,1581917126245
LEVELONE_FUTURES,1581917128186,SUBS,key,symbol,key,/CL
LEVELONE_FUTURES,1581917128186,SUBS,4,bid-size,4,36
LEVELONE_FUTURES,1581917128186,SUBS,5,ask-size,5,46
LEVELONE_FUTURES,1581917128186,SUBS,10,quote-time,10,1581917128028
LEVELONE_FUTURES,1581917129213,SUBS,key,symbol,key,/CL
LEVELONE_FUTURES,1581917129213,SUBS,4,bid-size,4,32
LEVELONE_FUTURES,1581917129213,SUBS,10,quote-time,10,1581917128542
LEVELONE_FUTURES,1581917132178,SUBS,key,symbol,key,/CL
LEVELONE_FUTURES,1581917132178,SUBS,5,ask-size,5,44
LEVELONE_FUTURES,1581917132178,SUBS,10,quote-time,10,1581917131928
LEVELONE_FUTURES,1581917133199,SUBS,key,symbol,key,/CL
LEVELONE_FUTURES,1581917133199,SUBS,5,ask-size,5,45
LEVELONE_FUTURES,1581917133199,SUBS,10,quote-time,10,1581917133088
LEVELONE_FUTURES,1581917134213,SUBS,key,symbol,key,/CL
LEVELONE_FUTURES,1581917134213,SUBS,5,ask-size,5,48
LEVELONE_FUTURES,1581917134213,SUBS,10,quote-time,10,1581917134106
LEVELONE_FUTURES,1581917135231,SUBS,key,symbol,key,/CL
LEVELONE_FUTURES,1581917135231,SUBS,4,bid-size,4,36
LEVELONE_FUTURES,1581917135231,SUBS,10,quote-time,10,1581917135140
LEVELONE_FUTURES,1581917136238,SUBS,key,symbol,key,/CL
LEVELONE_FUTURES,1581917136238,SUBS,4,bid-size,4,32
LEVELONE_FUTURES,1581917136238,SUBS,10,quote-time,10,1581917135293
LEVELONE_FUTURES,1581917142458,SUBS,key,symbol,key,/CL
LEVELONE_FUTURES,1581917142458,SUBS,4,bid-size,4,36
LEVELONE_FUTURES,1581917142458,SUBS,5,ask-size,5,45
LEVELONE_FUTURES,1581917142458,SUBS,10,quote-time,10,1581917142329
LEVELONE_FUTURES,1581917143484,SUBS,key,symbol,key,/CL
LEVELONE_FUTURES,1581917143484,SUBS,3,last-price,3,52.3
LEVELONE_FUTURES,1581917143484,SUBS,4,bid-size,4,32
LEVELONE_FUTURES,1581917143484,SUBS,5,ask-size,5,50
LEVELONE_FUTURES,1581917143484,SUBS,8,total-volume,8,22884
LEVELONE_FUTURES,1581917143484,SUBS,10,quote-time,10,1581917143406
LEVELONE_FUTURES,1581917143484,SUBS,11,trade-time,11,1581917143304
LEVELONE_FUTURES,1581917143484,SUBS,19,net-change,19,-0.02
LEVELONE_FUTURES,1581917143484,SUBS,20,future-percent-change,20,-0.0004
LEVELONE_FUTURES,1581917143484,SUBS,24,mark,24,52.3
LEVELONE_FUTURES,1581917144504,SUBS,key,symbol,key,/CL
LEVELONE_FUTURES,1581917144504,SUBS,5,ask-size,5,51
LEVELONE_FUTURES,1581917144504,SUBS,10,quote-time,10,1581917143457
LEVELONE_FUTURES,1581917145683,SUBS,key,symbol,key,/CL
LEVELONE_FUTURES,1581917145683,SUBS,4,bid-size,4,33
LEVELONE_FUTURES,1581917145683,SUBS,5,ask-size,5,49
LEVELONE_FUTURES,1581917145683,SUBS,10,quote-time,10,1581917145571
LEVELONE_FUTURES,1581917146702,SUBS,key,symbol,key,/CL
LEVELONE_FUTURES,1581917146702,SUBS,5,ask-size,5,48
LEVELONE_FUTURES,1581917146702,SUBS,10,quote-time,10,1581917145765
LEVELONE_FUTURES,1581917147716,SUBS,key,symbol,key,/CL
LEVELONE_FUTURES,1581917147716,SUBS,4,bid-size,4,36
LEVELONE_FUTURES,1581917147716,SUBS,5,ask-size,5,40
LEVELONE_FUTURES,1581917147716,SUBS,10,quote-time,10,1581917147509
LEVELONE_FUTURES,1581917148723,SUBS,key,symbol,key,/CL
LEVELONE_FUTURES,1581917148723,SUBS,4,bid-size,4,33
LEVELONE_FUTURES,1581917148723,SUBS,5,ask-size,5,43
LEVELONE_FUTURES,1581917148723,SUBS,10,quote-time,10,1581917148342
LEVELONE_FUTURES,1581917149762,SUBS,key,symbol,key,/CL
LEVELONE_FUTURES,1581917149762,SUBS,5,ask-size,5,44
LEVELONE_FUTURES,1581917149762,SUBS,10,quote-time,10,1581917149420
LEVELONE_FUTURES,1581917150796,SUBS,key,symbol,key,/CL
LEVELONE_FUTURES,1581917150796,SUBS,4,bid-size,4,36
LEVELONE_FUTURES,1581917150796,SUBS,5,ask-size,5,39
LEVELONE_FUTURES,1581917150796,SUBS,10,quote-time,10,1581917150596
LEVELONE_FUTURES,1581917151823,SUBS,key,symbol,key,/CL
LEVELONE_FUTURES,1581917151823,SUBS,4,bid-size,4,33
LEVELONE_FUTURES,1581917151823,SUBS,5,ask-size,5,42
LEVELONE_FUTURES,1581917151823,SUBS,10,quote-time,10,1581917151628
LEVELONE_FUTURES,1581917152842,SUBS,key,symbol,key,/CL
LEVELONE_FUTURES,1581917152842,SUBS,10,quote-time,10,1581917152663
LEVELONE_FUTURES,1581917153890,SUBS,key,symbol,key,/CL
LEVELONE_FUTURES,1581917153890,SUBS,4,bid-size,4,37
LEVELONE_FUTURES,1581917153890,SUBS,5,ask-size,5,45
LEVELONE_FUTURES,1581917153890,SUBS,10,quote-time,10,1581917153646
LEVELONE_FUTURES,1581917154923,SUBS,key,symbol,key,/CL
LEVELONE_FUTURES,1581917154923,SUBS,4,bid-size,4,33
LEVELONE_FUTURES,1581917154923,SUBS,5,ask-size,5,43
LEVELONE_FUTURES,1581917154923,SUBS,10,quote-time,10,1581917154487
LEVELONE_FUTURES,1581917155936,SUBS,key,symbol,key,/CL
LEVELONE_FUTURES,1581917155936,SUBS,10,quote-time,10,1581917155539
LEVELONE_FUTURES,1581917159187,SUBS,key,symbol,key,/CL
LEVELONE_FUTURES,1581917159187,SUBS,4,bid-size,4,39
LEVELONE_FUTURES,1581917159187,SUBS,5,ask-size,5,39
LEVELONE_FUTURES,1581917159187,SUBS,10,quote-time,10,1581917159077
LEVELONE_FUTURES,1581917160219,SUBS,key,symbol,key,/CL
LEVELONE_FUTURES,1581917160219,SUBS,4,bid-size,4,35
LEVELONE_FUTURES,1581917160219,SUBS,5,ask-size,5,42
LEVELONE_FUTURES,1581917160219,SUBS,8,total-volume,8,22885
LEVELONE_FUTURES,1581917160219,SUBS,10,quote-time,10,1581917160059
LEVELONE_FUTURES,1581917160219,SUBS,11,trade-time,11,1581917159877
LEVELONE_FUTURES,1581917162456,SUBS,key,symbol,key,/CL
LEVELONE_FUTURES,1581917162456,SUBS,4,bid-size,4,38
LEVELONE_FUTURES,1581917162456,SUBS,5,ask-size,5,39
LEVELONE_FUTURES,1581917162456,SUBS,10,quote-time,10,1581917162184
LEVELONE_FUTURES,1581917163701,SUBS,key,symbol,key,/CL
LEVELONE_FUTURES,1581917163701,SUBS,4,bid-size,4,35
LEVELONE_FUTURES,1581917163701,SUBS,5,ask-size,5,42
LEVELONE_FUTURES,1581917163701,SUBS,10,quote-time,10,1581917163632
LEVELONE_FUTURES,1581917164726,SUBS,key,symbol,key,/CL
LEVELONE_FUTURES,1581917164726,SUBS,4,bid-size,4,38
LEVELONE_FUTURES,1581917164726,SUBS,5,ask-size,5,39
LEVELONE_FUTURES,1581917164726,SUBS,10,quote-time,10,1581917164610
LEVELONE_FUTURES,1581917165731,SUBS,key,symbol,key,/CL
LEVELONE_FUTURES,1581917165731,SUBS,10,quote-time,10,1581917165650
LEVELONE_FUTURES,1581917166778,SUBS,key,symbol,key,/CL
LEVELONE_FUTURES,1581917166778,SUBS,4,bid-size,4,35
LEVELONE_FUTURES,1581917166778,SUBS,5,ask-size,5,43
LEVELONE_FUTURES,1581917166778,SUBS,10,quote-time,10,1581917166660
LEVELONE_FUTURES,1581917167816,SUBS,key,symbol,key,/CL
LEVELONE_FUTURES,1581917167816,SUBS,4,bid-size,4,38
LEVELONE_FUTURES,1581917167816,SUBS,5,ask-size,5,39
LEVELONE_FUTURES,1581917167816,SUBS,10,quote-time,10,1581917167579
LEVELONE_FUTURES,1581917168821,SUBS,key,symbol,key,/CL
LEVELONE_FUTURES,1581917168821,SUBS,10,quote-time,10,1581917168525
LEVELONE_FUTURES,1581917169847,SUBS,key,symbol,key,/CL
LEVELONE_FUTURES,1581917169847,SUBS,4,bid-size,4,35
LEVELONE_FUTURES,1581917169847,SUBS,5,ask-size,5,43
LEVELONE_FUTURES,1581917169847,SUBS,10,quote-time,10,1581917169150
LEVELONE_FUTURES,1581917170858,SUBS,key,symbol,key,/CL
LEVELONE_FUTURES,1581917170858,SUBS,4,bid-size,4,38
LEVELONE_FUTURES,1581917170858,SUBS,5,ask-size,5,39
LEVELONE_FUTURES,1581917170858,SUBS,10,quote-time,10,1581917170154
LEVELONE_FUTURES,1581917176971,SUBS,key,symbol,key,/CL
LEVELONE_FUTURES,1581917176971,SUBS,4,bid-size,4,35
LEVELONE_FUTURES,1581917176971,SUBS,5,ask-size,5,43
LEVELONE_FUTURES,1581917176971,SUBS,10,quote-time,10,1581917176726
LEVELONE_FUTURES,1581917177995,SUBS,key,symbol,key,/CL
LEVELONE_FUTURES,1581917177995,SUBS,4,bid-size,4,38
LEVELONE_FUTURES,1581917177995,SUBS,5,ask-size,5,39
LEVELONE_FUTURES,1581917177995,SUBS,10,quote-time,10,1581917177447
LEVELONE_FUTURES,1581917179007,SUBS,key,symbol,key,/CL
LEVELONE_FUTURES,1581917179007,SUBS,4,bid-size,4,41
LEVELONE_FUTURES,1581917179007,SUBS,10,quote-time,10,1581917178133
LEVELONE_FUTURES,1581917180712,SUBS,key,symbol,key,/CL
LEVELONE_FUTURES,1581917180712,SUBS,4,bid-size,4,35
LEVELONE_FUTURES,1581917180712,SUBS,8,total-volume,8,22886
LEVELONE_FUTURES,1581917180712,SUBS,10,quote-time,10,1581917180540
LEVELONE_FUTURES,1581917180712,SUBS,11,trade-time,11,1581917180539
LEVELONE_FUTURES,1581917181718,SUBS,key,symbol,key,/CL
LEVELONE_FUTURES,1581917181718,SUBS,10,quote-time,10,1581917180844
LEVELONE_FUTURES,1581917185197,SUBS,key,symbol,key,/CL
LEVELONE_FUTURES,1581917185197,SUBS,5,ask-size,5,46
LEVELONE_FUTURES,1581917185197,SUBS,10,quote-time,10,1581917185068
LEVELONE_FUTURES,1581917186215,SUBS,key,symbol,key,/CL
LEVELONE_FUTURES,1581917186215,SUBS,4,bid-size,4,39
LEVELONE_FUTURES,1581917186215,SUBS,5,ask-size,5,38
LEVELONE_FUTURES,1581917186215,SUBS,10,quote-time,10,1581917185708
LEVELONE_FUTURES,1581917187448,SUBS,key,symbol,key,/CL
LEVELONE_FUTURES,1581917187448,SUBS,4,bid-size,4,38
LEVELONE_FUTURES,1581917187448,SUBS,5,ask-size,5,36
LEVELONE_FUTURES,1581917187448,SUBS,10,quote-time,10,1581917187242
LEVELONE_FUTURES,1581917188463,SUBS,key,symbol,key,/CL
LEVELONE_FUTURES,1581917188463,SUBS,4,bid-size,4,35
LEVELONE_FUTURES,1581917188463,SUBS,5,ask-size,5,39
LEVELONE_FUTURES,1581917188463,SUBS,10,quote-time,10,1581917187560
LEVELONE_FUTURES,1581917190201,SUBS,key,symbol,key,/CL
LEVELONE_FUTURES,1581917190201,SUBS,4,bid-size,4,38
LEVELONE_FUTURES,1581917190201,SUBS,5,ask-size,5,36
LEVELONE_FUTURES,1581917190201,SUBS,10,quote-time,10,1581917190088
LEVELONE_FUTURES,1581917191690,SUBS,key,symbol,key,/CL
LEVELONE_FUTURES,1581917191690,SUBS,4,bid-size,4,35
LEVELONE_FUTURES,1581917191690,SUBS,5,ask-size,5,39
LEVELONE_FUTURES,1581917191690,SUBS,10,quote-time,10,1581917191464
LEVELONE_FUTURES,1581917192717,SUBS,key,symbol,key,/CL
LEVELONE_FUTURES,1581917192717,SUBS,4,bid-size,4,40
LEVELONE_FUTURES,1581917192717,SUBS,5,ask-size,5,36
LEVELONE_FUTURES,1581917192717,SUBS,10,quote-time,10,1581917192354
LEVELONE_FUTURES,1581917195718,SUBS,key,symbol,key,/CL
LEVELONE_FUTURES,1581917195718,SUBS,4,bid-size,4,35
LEVELONE_FUTURES,1581917195718,SUBS,10,quote-time,10,1581917195651
LEVELONE_FUTURES,1581917196765,SUBS,key,symbol,key,/CL
LEVELONE_FUTURES,1581917196765,SUBS,10,quote-time,10,1581917196670
LEVELONE_FUTURES,1581917197806,SUBS,key,symbol,key,/CL
LEVELONE_FUTURES,1581917197806,SUBS,3,last-price,3,52.29
LEVELONE_FUTURES,1581917197806,SUBS,5,ask-size,5,40
LEVELONE_FUTURES,1581917197806,SUBS,8,total-volume,8,22887
LEVELONE_FUTURES,1581917197806,SUBS,10,quote-time,10,1581917197610
LEVELONE_FUTURES,1581917197806,SUBS,11,trade-time,11,1581917197410
LEVELONE_FUTURES,1581917197806,SUBS,19,net-change,19,-0.03
LEVELONE_FUTURES,1581917197806,SUBS,20,future-percent-change,20,-0.0006
LEVELONE_FUTURES,1581917197806,SUBS,24,mark,24,52.29
LEVELONE_FUTURES,1581917198822,SUBS,key,symbol,key,/CL
LEVELONE_FUTURES,1581917198822,SUBS,4,bid-size,4,39
LEVELONE_FUTURES,1581917198822,SUBS,10,quote-time,10,1581917198159
LEVELONE_FUTURES,1581917199831,SUBS,key,symbol,key,/CL
LEVELONE_FUTURES,1581917199831,SUBS,10,quote-time,10,1581917198897
LEVELONE_FUTURES,1581917201198,SUBS,key,symbol,key,/CL
LEVELONE_FUTURES,1581917201198,SUBS,10,quote-time,10,1581917201091
LEVELONE_FUTURES,1581917206239,SUBS,key,symbol,key,/CL
LEVELONE_FUTURES,1581917206239,SUBS,10,quote-time,10,1581917205982
LEVELONE_FUTURES,1581917207263,SUBS,key,symbol,key,/CL
LEVELONE_FUTURES,1581917207263,SUBS,4,bid-size,4,40
LEVELONE_FUTURES,1581917207263,SUBS,10,quote-time,10,1581917206211
LEVELONE_FUTURES,1581917208272,SUBS,key,symbol,key,/CL
LEVELONE_FUTURES,1581917208272,SUBS,10,quote-time,10,1581917207299
LEVELONE_FUTURES,1581917209294,SUBS,key,symbol,key,/CL
LEVELONE_FUTURES,1581917209294,SUBS,10,quote-time,10,1581917208662
LEVELONE_FUTURES,1581917210296,SUBS,key,symbol,key,/CL
LEVELONE_FUTURES,1581917210296,SUBS,3,last-price,3,52.3
LEVELONE_FUTURES,1581917210296,SUBS,4,bid-size,4,36
LEVELONE_FUTURES,1581917210296,SUBS,5,ask-size,5,35
LEVELONE_FUTURES,1581917210296,SUBS,8,total-volume,8,22888
LEVELONE_FUTURES,1581917210296,SUBS,10,quote-time,10,1581917210134
LEVELONE_FUTURES,1581917210296,SUBS,11,trade-time,11,1581917210134
LEVELONE_FUTURES,1581917210296,SUBS,19,net-change,19,-0.02
LEVELONE_FUTURES,1581917210296,SUBS,20,future-percent-change,20,-0.0004
LEVELONE_FUTURES,1581917210296,SUBS,24,mark,24,52.3
LEVELONE_FUTURES,1581917211310,SUBS,key,symbol,key,/CL
LEVELONE_FUTURES,1581917211310,SUBS,5,ask-size,5,36
LEVELONE_FUTURES,1581917211310,SUBS,10,quote-time,10,1581917210272
LEVELONE_FUTURES,1581917212347,SUBS,key,symbol,key,/CL
LEVELONE_FUTURES,1581917212347,SUBS,4,bid-size,4,39
LEVELONE_FUTURES,1581917212347,SUBS,5,ask-size,5,35
LEVELONE_FUTURES,1581917212347,SUBS,10,quote-time,10,1581917211735
LEVELONE_FUTURES,1581917213353,SUBS,key,symbol,key,/CL
LEVELONE_FUTURES,1581917213353,SUBS,4,bid-size,4,36
LEVELONE_FUTURES,1581917213353,SUBS,5,ask-size,5,38
LEVELONE_FUTURES,1581917213353,SUBS,10,quote-time,10,1581917213145
LEVELONE_FUTURES,1581917214372,SUBS,key,symbol,key,/CL
LEVELONE_FUTURES,1581917214372,SUBS,4,bid-size,4,41
LEVELONE_FUTURES,1581917214372,SUBS,5,ask-size,5,35
LEVELONE_FUTURES,1581917214372,SUBS,10,quote-time,10,1581917213754
LEVELONE_FUTURES,1581917218228,SUBS,key,symbol,key,/CL
LEVELONE_FUTURES,1581917218228,SUBS,4,bid-size,4,36
LEVELONE_FUTURES,1581917218228,SUBS,5,ask-size,5,39
LEVELONE_FUTURES,1581917218228,SUBS,10,quote-time,10,1581917218081
LEVELONE_FUTURES,1581917220198,SUBS,key,symbol,key,/CL
LEVELONE_FUTURES,1581917220198,SUBS,4,bid-size,4,39
LEVELONE_FUTURES,1581917220198,SUBS,5,ask-size,5,36
LEVELONE_FUTURES,1581917220198,SUBS,10,quote-time,10,1581917220121
LEVELONE_FUTURES,1581917221213,SUBS,key,symbol,key,/CL
LEVELONE_FUTURES,1581917221213,SUBS,4,bid-size,4,36
LEVELONE_FUTURES,1581917221213,SUBS,5,ask-size,5,40
LEVELONE_FUTURES,1581917221213,SUBS,10,quote-time,10,1581917220894
LEVELONE_FUTURES,1581917222255,SUBS,key,symbol,key,/CL
LEVELONE_FUTURES,1581917222255,SUBS,4,bid-size,4,39
LEVELONE_FUTURES,1581917222255,SUBS,5,ask-size,5,36
LEVELONE_FUTURES,1581917222255,SUBS,10,quote-time,10,1581917222067
LEVELONE_FUTURES,1581917223291,SUBS,key,symbol,key,/CL
LEVELONE_FUTURES,1581917223291,SUBS,4,bid-size,4,37
LEVELONE_FUTURES,1581917223291,SUBS,5,ask-size,5,39
LEVELONE_FUTURES,1581917223291,SUBS,10,quote-time,10,1581917223165
LEVELONE_FUTURES,1581917224314,SUBS,key,symbol,key,/CL
LEVELONE_FUTURES,1581917224314,SUBS,4,bid-size,4,36
LEVELONE_FUTURES,1581917224314,SUBS,5,ask-size,5,41
LEVELONE_FUTURES,1581917224314,SUBS,10,quote-time,10,1581917224089
LEVELONE_FUTURES,1581917225336,SUBS,key,symbol,key,/CL
LEVELONE_FUTURES,1581917225336,SUBS,4,bid-size,4,39
LEVELONE_FUTURES,1581917225336,SUBS,5,ask-size,5,37
LEVELONE_FUTURES,1581917225336,SUBS,10,quote-time,10,1581917224838
LEVELONE_FUTURES,1581917226378,SUBS,key,symbol,key,/CL
LEVELONE_FUTURES,1581917226378,SUBS,4,bid-size,4,36
LEVELONE_FUTURES,1581917226378,SUBS,10,quote-time,10,1581917226169
LEVELONE_FUTURES,1581917227394,SUBS,key,symbol,key,/CL
LEVELONE_FUTURES,1581917227394,SUBS,5,ask-size,5,40
LEVELONE_FUTURES,1581917227394,SUBS,10,quote-time,10,1581917227108
LEVELONE_FUTURES,1581917228429,SUBS,key,symbol,key,/CL
LEVELONE_FUTURES,1581917228429,SUBS,5,ask-size,5,23
LEVELONE_FUTURES,1581917228429,SUBS,8,total-volume,8,22895
LEVELONE_FUTURES,1581917228429,SUBS,9,last-size,9,7
LEVELONE_FUTURES,1581917228429,SUBS,10,quote-time,10,1581917227968
LEVELONE_FUTURES,1581917228429,SUBS,11,trade-time,11,1581917227826
LEVELONE_FUTURES,1581917229432,SUBS,key,symbol,key,/CL
LEVELONE_FUTURES,1581917229432,SUBS,4,bid-size,4,37
LEVELONE_FUTURES,1581917229432,SUBS,5,ask-size,5,12
LEVELONE_FUTURES,1581917229432,SUBS,8,total-volume,8,22919
LEVELONE_FUTURES,1581917229432,SUBS,9,last-size,9,1
LEVELONE_FUTURES,1581917229432,SUBS,10,quote-time,10,1581917228994
LEVELONE_FUTURES,1581917229432,SUBS,11,trade-time,11,1581917228698
LEVELONE_FUTURES,1582440500885,SUBS,key,symbol,key,/CL
LEVELONE_FUTURES,1582440500885,SUBS,delayed,delayed,delayed,False
LEVELONE_FUTURES,1582440500885,SUBS,assetMainType,asset-main-type,assetMainType,FUTURE
LEVELONE_FUTURES,1582440500885,SUBS,1,bid-price,1,53.31
LEVELONE_FUTURES,1582440500885,SUBS,2,ask-price,2,53.54
LEVELONE_FUTURES,1582440500885,SUBS,3,last-price,3,53.46
LEVELONE_FUTURES,1582440500885,SUBS,4,bid-size,4,7
LEVELONE_FUTURES,1582440500885,SUBS,5,ask-size,5,1
LEVELONE_FUTURES,1582440500885,SUBS,6,ask-id,6,?
LEVELONE_FUTURES,1582440500885,SUBS,7,bid-id,7,?
LEVELONE_FUTURES,1582440500885,SUBS,8,total-volume,8,690203
LEVELONE_FUTURES,1582440500885,SUBS,9,last-size,9,4
LEVELONE_FUTURES,1582440500885,SUBS,10,quote-time,10,1582322400080
LEVELONE_FUTURES,1582440500885,SUBS,11,trade-time,11,1582322394729
LEVELONE_FUTURES,1582440500885,SUBS,14,close-price,14,53.88
LEVELONE_FUTURES,1582440500885,SUBS,15,exchange-id,15,E
LEVELONE_FUTURES,1582440500885,SUBS,16,description,16,"Light Sweet Crude Oil Futures,Apr-2020,ETH"
LEVELONE_FUTURES,1582440500885,SUBS,17,last-id,17,?
LEVELONE_FUTURES,1582440500885,SUBS,19,net-change,19,-0.42
LEVELONE_FUTURES,1582440500885,SUBS,20,future-percent-change,20,-0.0078
LEVELONE_FUTURES,1582440500885,SUBS,21,exhange-name,21,XNYM
LEVELONE_FUTURES,1582440500885,SUBS,22,security-status,22,Unknown
LEVELONE_FUTURES,1582440500885,SUBS,23,open-interest,23,415564
LEVELONE_FUTURES,1582440500885,SUBS,24,mark,24,53.46
LEVELONE_FUTURES,1582440500885,SUBS,25,tick,25,0.01
LEVELONE_FUTURES,1582440500885,SUBS,26,tick-amount,26,10
LEVELONE_FUTURES,1582440500885,SUBS,27,product,27,/CL
LEVELONE_FUTURES,1582440500885,SUBS,28,future-price-format,28,"D,D"
LEVELONE_FUTURES,1582440500885,SUBS,29,future-trading-hours,29,GLBX(de=1640;0=-17001600;1=-17001600d-15551640;7=d-16401555)
LEVELONE_FUTURES,1582440500885,SUBS,30,future-is-tradable,30,True
LEVELONE_FUTURES,1582440500885,SUBS,31,future-multiplier,31,1000
LEVELONE_FUTURES,1582440500885,SUBS,32,future-is-active,32,True
LEVELONE_FUTURES,1582440500885,SUBS,33,future-settlement-price,33,53.88
LEVELONE_FUTURES,1582440500885,SUBS,34,future-active-symbol,34,/CLJ20
LEVELONE_FUTURES,1582440500885,SUBS,35,future-expiration-date,35,1584676800000
LEVELONE_FUTURES,1582440578697,SUBS,key,symbol,key,/CL
LEVELONE_FUTURES,1582440578697,SUBS,delayed,delayed,delayed,False
LEVELONE_FUTURES,1582440578697,SUBS,assetMainType,asset-main-type,assetMainType,FUTURE
LEVELONE_FUTURES,1582440578697,SUBS,1,bid-price,1,53.31
LEVELONE_FUTURES,1582440578697,SUBS,2,ask-price,2,53.54
LEVELONE_FUTURES,1582440578697,SUBS,3,last-price,3,53.46
LEVELONE_FUTURES,1582440578697,SUBS,4,bid-size,4,7
LEVELONE_FUTURES,1582440610978,SUBS,key,symbol,key,/CL
LEVELONE_FUTURES,1582440610978,SUBS,delayed,delayed,delayed,False
LEVELONE_FUTURES,1582440610978,SUBS,assetMainType,asset-main-type,assetMainType,FUTURE
LEVELONE_FUTURES,1582440610978,SUBS,1,bid-price,1,53.31
LEVELONE_FUTURES,1582440610978,SUBS,2,ask-price,2,53.54
LEVELONE_FUTURES,1582440610978,SUBS,3,last-price,3,53.46
LEVELONE_FUTURES,1582440610978,SUBS,4,bid-size,4,7
